"emf_predictions","erf_predictions","ecf_predictions","varHS_predictions","true.values"
8.83190858096063,8.49131618099242,16.362021249862,4.07518887353257,1.61962869778952
5.81123722830269,6.19418589073156,5.89279913044374,4.07518887353257,-0.103643751988087
3.9732034986718,3.81097237366328,4.21645331485052,4.07518887353257,-1.32750608777023
4.39515805628559,3.9525670201116,3.65150048499018,4.07518887353257,-0.583485676266199
3.92157191037449,4.40510829566296,3.95109588439732,4.07518887353257,-0.716153305218606
3.62032060011099,3.37324216124492,3.44888751518178,4.07518887353257,0.384329309098145
3.57500497572702,3.21183571371668,2.75138896836056,4.07518887353257,-0.30541263634493
2.7617166951326,2.64622964892634,2.71003917976528,4.07518887353257,0.409943699423873
3.05218445163245,3.16094489677936,3.06680076496851,4.07518887353257,-0.333331960749587
4.15053601337961,3.88264157323289,3.50118167162953,4.07518887353257,1.28047016237756
6.07391747151155,6.37257308569941,6.17570240377187,4.07518887353257,1.59453397660685
3.3942541484581,3.45332493772351,4.10115858815823,4.07518887353257,-0.111319997465189
4.33302456231509,4.28681660165583,5.45521430313465,4.07518887353257,-0.220378641061161
4.4077694672988,4.06726530909103,4.54248494385652,4.07518887353257,-1.32124368561625
6.24690630718421,6.82836146394083,6.06616519009058,4.07518887353257,-0.149424766176004
3.63688747985986,4.26247297698135,4.37452374451125,4.07518887353257,-0.755475706856493
4.35815562929444,4.03136893684844,4.02916091988446,4.07518887353257,-1.26254026219149
3.95936483473095,3.97297536556342,3.69801900768123,4.07518887353257,0.296200849298192
4.21244411474748,4.43925405622613,4.56560719410729,4.07518887353257,-0.247702805401904
7.47942302544178,8.24019363495399,9.59568645591109,4.07518887353257,0.376007670151076
3.44492679850127,3.17633185121729,3.00884852991821,4.07518887353257,-0.384003566471115
3.48022990893611,2.97897524611227,3.21249483961827,4.07518887353257,0.0987120998021787
3.21367935436267,2.97342632165699,3.08500271810669,4.07518887353257,0.293397940152468
3.21816671546548,3.01899416668643,2.90254690361038,4.07518887353257,-0.114097183238457
3.13019394507554,3.12231862166183,3.20239723285355,4.07518887353257,0.162597005048428
3.1959226107728,3.2877922572828,3.67291740873397,4.07518887353257,1.11136413542946
3.48501089642757,3.53125384885259,4.43978532994922,4.07518887353257,-0.561855784947365
3.58671295357532,3.21898747685469,4.45317601305085,4.07518887353257,-0.848548323749486
3.30378258272305,3.39736862903669,3.81356112598726,4.07518887353257,-0.298698951574623
3.41704758780539,3.3122612572224,3.31402377827765,4.07518887353257,0.173854156559821
3.55055936450122,3.46336336730302,4.94152352152298,4.07518887353257,-0.358628405035871
3.22129372698847,3.15185919989727,4.51583190980508,4.07518887353257,-0.22201738475416
3.06775756740503,2.97158551767188,3.25809261384419,4.07518887353257,0.0925660373626648
3.07886623779441,3.35400464797328,2.96138593909415,4.07518887353257,-0.238162643506351
3.12894204010716,3.52290546715222,4.40066916577169,4.07518887353257,-0.698027913220297
3.51770514710342,4.12806958044115,4.51666377418076,4.07518887353257,-0.988225976561731
3.30047078022692,3.45090311134732,3.36624389263699,4.07518887353257,-0.105795044909508
3.26683858706216,3.24279370215392,3.19029496385255,4.07518887353257,-0.21602041528665
3.44151804147253,3.6661673526094,3.95527868206774,4.07518887353257,-0.346751909844505
4.06195873461458,4.1849705577365,4.07355645678399,4.07518887353257,-0.206329494704849
3.63293121677798,3.7731668107002,3.74813539204334,4.07518887353257,-0.299812569035788
3.50104152889445,3.56600988405149,3.83130345161394,4.07518887353257,-0.278771181237716
3.05934488881829,3.9820820054392,3.32731132681742,4.07518887353257,-0.271076430237292
4.28319004003822,4.17047042068696,4.2509560259573,4.07518887353257,-0.594186759045139
3.35500566474106,3.67821446100081,3.76987398388345,4.07518887353257,0.0330039849954454
3.60971655982463,3.51830465429359,4.41046150697531,4.07518887353257,-0.454284765613208
3.2675682069159,3.42596857860757,3.77353281666587,4.07518887353257,-0.0261646541686937
3.42489844059823,3.50897360133135,3.39548347529537,4.07518887353257,0.369198804961767
6.84921790069173,7.20482943714385,7.84457234189239,4.07518887353257,0.32239062748361
5.73361556413361,6.44929945170884,6.39296868495232,4.07518887353257,-1.13839532785146
4.37670406588678,4.1191392215729,4.87292242278779,4.07518887353257,0.514376765677539
4.15187897773339,3.81765517247031,4.36093876132562,4.07518887353257,-0.190555744081013
3.36147420046173,3.22014653427085,3.08215249033516,4.07518887353257,0.168460406207862
3.40040587178874,3.48739672116503,3.33012579063247,4.07518887353257,-0.159401115247205
3.91723332860217,4.16886024449769,4.07081127146274,4.07518887353257,-0.408651784682271
3.36023762918276,3.36341984984924,3.0954990230673,4.07518887353257,0.229860767401288
3.75985667049715,4.07400147479609,3.33346250461264,4.07518887353257,-0.633201849811506
3.7803178717002,3.6305337981328,4.60014582263305,4.07518887353257,0.0769905377336732
8.45064575188588,8.48376961660458,14.4944043930493,4.07518887353257,0.06134425211748
3.61567550444522,3.63968990304642,4.17131803808319,4.07518887353257,-0.65691144728676
3.46195231507153,3.39473632468996,3.8895791851316,4.07518887353257,0.231390054326362
3.053540461357,3.24696641429815,3.07994171162888,4.07518887353257,-0.165448522354218
3.77296873578626,3.36095429396012,4.20193162730286,4.07518887353257,-0.61292045245214
3.5239601679125,3.47764547216696,3.48815554384537,4.07518887353257,-0.426467623783807
3.36504776947135,3.46900036935956,3.28277982226437,4.07518887353257,-0.174392801831204
3.46702426304904,3.63427396417733,3.85957498328347,4.07518887353257,0.064525142745797
3.21471869888349,3.37495794211528,3.06675765607013,4.07518887353257,-0.0435543284882158
3.36371922263585,3.20154613791565,3.23574038949935,4.07518887353257,0.0463024453594291
2.96682417653793,3.45649846101392,3.17135259498609,4.07518887353257,0.395858032009482
3.40410724879859,3.26750252274114,3.70654405277827,4.07518887353257,0.435928384256729
3.64893468819568,3.5186551254061,4.02627235325242,4.07518887353257,-0.14800636538655
3.22321767628419,3.21964667174047,3.95054114813707,4.07518887353257,-0.812831966575539
3.49751133880556,2.91879220943573,3.80968095398879,4.07518887353257,0.027188239983973
3.39217686752864,3.61705726953685,4.76167171399311,4.07518887353257,-0.729117306913722
3.56209520589888,3.17578754580711,3.095785394094,4.07518887353257,0.127969662178106
3.27490651128419,3.07086067489162,3.17606489053698,4.07518887353257,-0.544838650879152
4.30237265419769,4.44937613148525,4.90292542357758,4.07518887353257,-0.219877658276016
3.74650334376711,4.10334829631578,4.30637833591506,4.07518887353257,0.335041911244897
3.08823635770619,3.5466936630661,3.38237951216347,4.07518887353257,0.131299193196379
2.92962018967693,2.81989938054328,2.68698682226944,4.07518887353257,-0.221880716644757
3.19416092595802,3.38173343483503,3.24700198612009,4.07518887353257,-0.349900429136399
6.50048880106496,7.02912856983869,6.65453608681739,4.07518887353257,2.51360831801887
4.27993003852731,4.91756133706077,5.98567003996518,4.07518887353257,-0.819990861115844
4.00950121411871,4.06727134294322,5.36283673613077,4.07518887353257,-0.448784371995144
3.38906323634589,3.21908457518122,4.03310203395252,4.07518887353257,-0.0693055409341462
3.32830636000925,2.91931446450162,3.17739764828263,4.07518887353257,-0.472529302953524
3.23070076033793,3.10973564175606,3.478029710559,4.07518887353257,-0.83887405545957
3.26342049650491,3.26364686028265,4.01689112641655,4.07518887353257,-0.172886125325996
3.41906798725188,3.83628623173699,3.94844350742161,4.07518887353257,-0.478682974018796
3.45323560706857,3.41916667767497,3.53330032747407,4.07518887353257,-1.11664898710739
3.23356930805526,3.0352632977998,2.41124803330355,4.07518887353257,-0.355486044355502
3.96812221528635,3.95657831209486,4.17650884400011,4.07518887353257,-0.131176213379974
7.70165983839903,8.17218763523938,7.18572472682699,4.07518887353257,2.43589961429325
3.657226472558,3.69548108683789,2.91029945088954,4.07518887353257,0.430298583752621
3.37052826031832,3.52108622633026,3.55934021340519,4.07518887353257,0.457127291966038
7.5336460629135,8.00823890732301,6.69156433110146,4.07518887353257,0.340473154191727
8.03963557590561,7.85429871951605,7.97147595866633,4.07518887353257,0.79536123016794
7.45969298217329,7.4324654895256,6.1793205320526,4.07518887353257,-0.979339225434877
5.00514050730967,4.15368906545997,5.04599728760699,4.07518887353257,0.0435805955668925
8.22448685505128,7.61939507190466,7.76667493437185,4.07518887353257,-0.402085168005505
4.57811544219655,3.96683573349132,3.39038328184613,4.07518887353257,1.834501929005
3.68375018271379,3.82793820547302,3.49882714360522,4.07518887353257,-1.43575005289512
7.89318599407455,7.05826242130898,7.24320914834579,4.07518887353257,1.73838829277788
3.93229310458293,3.79791022933687,3.86957436795444,4.07518887353257,0.107906924086601
3.94735410284282,3.93077707550583,4.41091706958992,4.07518887353257,0.901250172602417
2.90661362929794,3.0496964436302,3.0685839532593,4.07518887353257,-1.04610470693527
3.08563455946019,3.03907401190083,2.6467724658278,4.07518887353257,-0.274843479711643
3.31847429447235,3.26206668356768,3.29910086206201,4.07518887353257,-1.21107569442011
3.32177680105762,3.37822214190623,3.54792850631501,4.07518887353257,-0.249353256214362
3.1192382239062,2.8486436750142,2.98914147117142,4.07518887353257,-0.771918196003705
3.55894324888575,3.38866632113102,4.0539749705302,4.07518887353257,-0.613254876617736
3.11104321259497,3.08281478552359,2.81103774310012,4.07518887353257,-0.0855284508870686
3.16620962858599,3.0608845770453,3.09544383390574,4.07518887353257,-0.00523540756802636
3.55293106236891,3.70753026736285,3.58662701663286,4.07518887353257,0.180429766198709
3.50061113829181,3.77966842470183,3.55053443439788,4.07518887353257,-0.338580088185948
7.08096461763065,7.84661110856799,7.03112631445891,4.07518887353257,0.566317073703559
2.98180178894253,3.19582103165272,2.60285908396261,4.07518887353257,0.137062005769781
3.15494005833547,3.28638132438003,2.88182720876605,4.07518887353257,-0.252366788938719
3.9587875778304,3.84683044289913,3.51992192882048,4.07518887353257,-0.323315527796476
3.75270975428905,4.09301573335868,3.87811268278345,4.07518887353257,0.389399803524715
3.11066774137787,3.43324880503558,3.38386557874499,4.07518887353257,-0.147847637153721
3.41223935079347,3.91071887252473,3.36549754267601,4.07518887353257,0.141202716888539
3.39169326791864,3.53895070033826,3.12897259181414,4.07518887353257,0.117441595585817
5.82665847588127,6.60163841771719,5.04321988153398,4.07518887353257,2.21644459986588
2.92899102124347,2.99759796859166,3.24584455462134,4.07518887353257,-0.748766021847938
3.2602795095442,3.13513678924206,4.65162186758725,4.07518887353257,0.00744731448148089
3.21351137177441,3.04851743711863,3.2292308738528,4.07518887353257,-0.164022391002983
3.67940790241495,3.7819625988837,3.43096159683243,4.07518887353257,2.04649999493023
2.96924377389994,3.46342450999633,3.48761206473366,4.07518887353257,0.093335081568993
3.03286412365269,3.02345887611886,3.02254547881999,4.07518887353257,-1.4998600199774
3.30576421059159,3.28126079563258,3.30163884381945,4.07518887353257,0.366912807555512
3.2093602872074,2.99844479563127,2.86677481720592,4.07518887353257,0.204132701681736
2.8420984165979,2.79123294726363,2.60181166847142,4.07518887353257,-1.20706772612048
3.28169348266101,3.19367141366427,3.71688515920617,4.07518887353257,-0.938832611370506
3.51784362705809,3.48304705983928,3.21465281151047,4.07518887353257,0.0116888755301861
3.41201491065889,3.33884052529887,4.82670777735469,4.07518887353257,-0.310143896654669
3.38345527014186,3.39610857555699,3.06981388040095,4.07518887353257,-0.221470544249584
3.24493254532575,2.93151959441606,3.49286278734759,4.07518887353257,0.854080354642876
3.04429979975647,3.00798018097147,2.91209165401495,4.07518887353257,-0.252653192944448
3.27030475281426,3.05400029622756,3.01598790275871,4.07518887353257,-0.145772594752183
3.13777176419105,3.07584090584415,2.90426160034295,4.07518887353257,0.592234335601684
7.04938245071298,8.71193196402596,7.84441571585241,4.07518887353257,-0.321336545581879
3.30174451239293,3.5621519060308,3.03589747914158,4.07518887353257,0.291600178932684
3.22598131941984,2.79750504946482,3.0835692631322,4.07518887353257,0.647849457865509
3.08322326850386,2.79700893818991,2.82970798639255,4.07518887353257,0.0436400888977279
3.19398820126577,3.71786279574486,3.57017620199998,4.07518887353257,-0.238438136467056
3.56076390059743,3.29262809495886,3.38297599423084,4.07518887353257,-0.959815280191246
3.31277865235896,3.38487567586713,4.16625938091663,4.07518887353257,0.0794908543414344
3.32926261051341,3.24758157157469,2.86995183740145,4.07518887353257,-0.779191885482566
3.24544349774578,2.94955941686934,2.86236122589923,4.07518887353257,-0.292404411958723
3.62377437136672,3.27775684686805,3.36209144073688,4.07518887353257,0.185159301130528
2.96829069049154,2.81256950167192,2.67953655191491,4.07518887353257,-0.370017084047915
2.60897700343363,2.56609053273373,2.54315277312571,4.07518887353257,-0.13214425311512
2.94263936471232,2.90252005808389,2.84031261991415,4.07518887353257,0.134909785205971
2.99895306474888,2.63945909490286,2.9681822958937,4.07518887353257,0.355393459648212
3.07502792125062,2.97581937701417,2.78993937857835,4.07518887353257,-0.265895460409476
2.9571127511823,3.28464657365592,3.07037473473523,4.07518887353257,-0.204191613805929
5.13360629803737,5.57254070688187,3.76613449699438,4.07518887353257,0.414129751883983
3.78624568684796,3.59427033472695,3.58563678354678,4.07518887353257,0.283565426487688
6.27238243735009,6.50919207149068,4.64423266155648,4.07518887353257,-2.90831038097873
3.52309049381329,3.83993097721443,4.60085487429944,4.07518887353257,-0.336727369656645
6.22856970368914,6.48166625414126,5.57250405428519,4.07518887353257,0.196202379714007
5.45524074314831,5.41084518932266,4.91423979782946,4.07518887353257,-0.949106774913044
3.5878218949164,3.96218461391468,3.89596373104098,4.07518887353257,-0.39599543094366
6.30078647466268,6.0185138433807,6.23034634958894,4.07518887353257,0.529483233818856
3.27809433975708,3.3693641941845,3.84314110060536,4.07518887353257,0.0497448595658308
3.22762318416519,3.46743082714376,4.09512708601537,4.07518887353257,0.356861267411631
3.16404770235188,3.58448979930097,4.51297019175867,4.07518887353257,0.560565904627539
3.3059946411733,3.74519147122057,3.81814085371816,4.07518887353257,-1.29075348813428
3.87000452227073,3.82024114906752,4.3635384904584,4.07518887353257,0.38853850837811
3.35461884555222,3.19045386954892,3.57087941985128,4.07518887353257,-1.10991169211602
3.12315255007095,2.96620012795408,4.34160722039837,4.07518887353257,-0.117423333850682
3.38313616565959,3.60877198149724,4.08278078007203,4.07518887353257,-0.258977172855948
5.90636691052045,6.90279090310978,7.35911888709895,4.07518887353257,1.73108542388082
6.13003470771415,6.5274220508713,7.79800170226783,4.07518887353257,-0.858449340714714
6.82594085919446,6.92356044880348,5.62864587983747,4.07518887353257,0.434997078026136
3.53369186528714,3.74033970146287,4.39859940423081,4.07518887353257,-0.0225106566406414
3.43429821378009,3.5789581976006,3.66907887277219,4.07518887353257,-0.445961842649219
3.95631544191104,3.76658559429004,4.65853983856287,4.07518887353257,-0.369137381714742
3.44569070103927,3.28691865431547,3.84099964342307,4.07518887353257,-0.447890213860056
3.24496242056765,3.01692792692855,3.38894435380469,4.07518887353257,0.16015289596788
3.23840408236522,3.45885549507482,3.50988561618962,4.07518887353257,-0.172628511901505
3.58391356349744,3.67934638764568,4.62177140508583,4.07518887353257,0.0744369920574513
7.86041389579013,7.56066964971622,8.37776502405677,4.07518887353257,-1.19579149002098
3.36934373165173,3.19331693213059,3.86470680472838,4.07518887353257,0.500516637572223
2.97004847894483,3.1862555256444,2.9160051032263,4.07518887353257,0.126375822252954
3.45177147397012,3.2125826488518,3.01537641606456,4.07518887353257,-0.00324450596989155
3.29702903228409,3.14767581376492,3.007830794289,4.07518887353257,0.116180444297495
3.05620800468754,3.04781010872314,3.16250413663614,4.07518887353257,-0.097433626255805
3.11073594284957,3.02845670276044,3.60983051111139,4.07518887353257,0.698603724023585
3.00415212029618,3.22912885376126,2.97696000192664,4.07518887353257,-1.04349859824013
3.33458614743108,3.31873648005662,2.83981123621889,4.07518887353257,0.228813077086643
3.33222229447175,3.53767054131994,2.61443164465018,4.07518887353257,-0.687863405906949
3.24377086986734,3.69058670893961,4.12338548300856,4.07518887353257,-0.746069532786069
5.92551131865454,5.54538291918198,4.8031455692204,4.07518887353257,-1.08562387006949
3.40258560045925,3.3246351668435,3.25014623318294,4.07518887353257,-0.0161520524853657
3.0366313778853,3.11432337923922,3.50755798432717,4.07518887353257,-0.336936127480772
4.10217634593214,3.7919739290425,3.3971220363667,4.07518887353257,-0.827942104866879
6.69597464145318,6.48821195193148,5.57919077502328,4.07518887353257,0.633449463341495
3.93974895733586,3.91787410240883,3.3486016030487,4.07518887353257,0.0440792849039315
3.43208988113636,3.64037348561411,3.903298041026,4.07518887353257,-1.54229862787907
3.95029453434903,4.07779988479558,4.42764755960223,4.07518887353257,0.82408933763766
6.91243898951426,7.17404100228328,6.37690412644748,4.07518887353257,-0.277892804942628
6.97749175226028,6.29114424067807,4.3571024411119,4.07518887353257,0.697698845609847
7.32810263093737,7.13851545058036,6.78037352557708,4.07518887353257,2.0460769397957
7.56167856916113,8.60994830936985,11.2653836935793,4.07518887353257,-2.61795095998718
8.9009388853172,9.10329027616242,14.3984907701383,4.07518887353257,1.25952973156234
6.48431228494617,7.60243074220513,6.77869277010536,4.07518887353257,4.19202615610405
7.43952831582328,7.65149820556265,10.8805488610882,4.07518887353257,-1.69010957644186
6.64243485673792,6.29773477246556,6.74624239668494,4.07518887353257,-1.84883412218143
4.56946550326388,4.33363718223786,6.68137390733537,4.07518887353257,-1.79609679656871
3.25401082823163,3.74245259292802,4.00002788097506,4.07518887353257,-1.9926469935787
3.9237515868318,4.03791679493992,4.1978446630376,4.07518887353257,1.26983445651085
6.76700740405127,6.79890331287478,5.94359176647011,4.07518887353257,0.665618410660333
7.25617069383236,7.51238333912992,7.97627119360487,4.07518887353257,1.51551845378603
5.84328120391493,6.18900358782386,5.6420776185645,4.07518887353257,-0.89622459832843
4.13596930982907,4.00809940343291,4.09165857101837,4.07518887353257,-0.461251395089296
4.82500708753048,4.97959242359392,4.61409383340361,4.07518887353257,-0.236799546363238
6.61949594080734,6.5580397316337,5.64945098853638,4.07518887353257,-0.534534785890244
6.24740659301757,6.34479344621025,6.16576660457761,4.07518887353257,1.18648963977608
3.50136123689004,3.91616991278138,3.25033888656761,4.07518887353257,0.0784785659851566
3.53138742870453,4.12115972516241,3.83251005415777,4.07518887353257,0.142167709608596
6.91898398609975,7.09745653003817,6.37705628748839,4.07518887353257,0.156735130430089
2.90886433892904,3.74120701140759,3.76428206753712,4.07518887353257,-0.306487513255876
3.72877671973602,3.43630862237352,4.51350859010424,4.07518887353257,0.471541929037808
7.21000215495151,6.64568282679476,7.24122531193574,4.07518887353257,2.60645350525122
8.13112539997358,7.10758291865613,9.86438077788649,4.07518887353257,3.31648857018906
5.72309989748761,6.56205379364328,7.93872126186698,4.07518887353257,1.05714688261887
7.08055440472517,6.72726308381062,7.52350751997811,4.07518887353257,-1.8623051908352
6.96981328098915,6.70241266115634,5.62907450240721,4.07518887353257,-1.56731172673689
4.30224302155345,4.12177148130486,4.83549948551313,4.07518887353257,-0.53017807763953
6.731541381876,5.41515016341039,6.99679753503568,4.07518887353257,-2.21759054685013
3.76958157935641,3.66094099879536,4.31911434892138,4.07518887353257,0.490184964335761
3.5397535894244,3.81422995608378,4.11812550815691,4.07518887353257,-1.10610866051791
3.66290539796239,3.13369882508913,3.69055291209455,4.07518887353257,0.419454768894245
3.78841432899345,3.81958556859759,3.91446089969163,4.07518887353257,-2.11514895478473
4.09572250018786,4.20219108106637,5.39596459812951,4.07518887353257,-0.247052316702294
3.17847488359106,3.69746461756903,3.05491362735564,4.07518887353257,0.853478818885995
3.14880448358621,3.24662427023791,2.87499796542277,4.07518887353257,1.58142789034214
4.24682198203265,4.10678652251082,3.16065430371171,4.07518887353257,2.10188304656479
3.21452724840864,3.30319860832271,3.12953777527952,4.07518887353257,-0.0751261704856994
4.18441988455082,4.63771389194836,3.50899556725225,4.07518887353257,-2.0833781091014
4.63136880705941,4.36659739950895,5.53155328246705,4.07518887353257,-0.100757182708875
6.48787996590778,6.06196880472308,6.34852441707659,4.07518887353257,0.0150500866884993
5.84924198337933,5.33593617309772,5.47929545896366,4.07518887353257,-1.14049193893901
3.93424392326464,3.73950028463394,4.35304290834891,4.07518887353257,0.157821800662016
3.69138589463367,3.54663472908487,3.93043302952701,4.07518887353257,1.0888278480322
3.52252113068664,3.82644372069889,3.88406143389247,4.07518887353257,-0.601433685512464
3.66102452645382,3.63722539527261,5.10232096452153,4.07518887353257,0.408948379285915
3.72485303207598,3.36957284994366,4.11123549120011,4.07518887353257,0.51263252304166
4.70007914896197,4.8925381879296,5.83517373293308,4.07518887353257,0.0565172435116664
3.31458883279141,3.18018997413836,4.00159712515074,4.07518887353257,-0.161445817805089
3.91614605652723,4.42216649384614,6.06552192033555,4.07518887353257,-0.719406803396789
8.4414660035693,7.87428162839611,11.2474814105175,4.07518887353257,0.123846642308254
5.05291332168809,5.6866982829491,6.38403551201982,4.07518887353257,-1.66768804187305
4.03740179376402,4.1683529199122,4.93449881164492,4.07518887353257,-0.324487616135914
5.63775051499212,5.43556089999278,5.47161238277189,4.07518887353257,-0.604597620957895
7.349066844313,6.64379099622975,5.60783398833546,4.07518887353257,0.794027250737856
3.52689193851902,3.51884909561908,4.09650089263581,4.07518887353257,0.00293590089517067
3.79592565248172,3.83548747416719,4.15337833285444,4.07518887353257,-0.567763319420585
5.26479742275329,5.49920756491524,5.46577059851739,4.07518887353257,-1.03160746454673
8.30752816086922,8.03047561119793,11.0029514290423,4.07518887353257,0.327353600958295
7.48846379763059,7.51509961828928,8.32133545272814,4.07518887353257,-0.728689935307498
7.50750740749584,6.80774737053619,7.31605780312647,4.07518887353257,0.868321908165553
7.00499599703407,7.60197946997741,9.87111807412363,4.07518887353257,0.276827539767974
3.98186185955718,4.08107435895913,5.99520478606883,4.07518887353257,-0.426673410844008
7.50772921938732,7.14232521759881,7.1021195260269,4.07518887353257,1.39398998330551
5.37748999812299,5.35982156956887,7.22649705044289,4.07518887353257,-0.888564307922761
6.49096300522278,6.85785505120099,7.27721503213482,4.07518887353257,-0.130837931622957
3.55655644732237,3.57089641263794,5.05094843664954,4.07518887353257,-1.49668006844058
3.1711917014602,2.94054868501718,4.09252580801721,4.07518887353257,-0.0907091808686141
3.43252220552482,3.02861641462322,3.80623652184846,4.07518887353257,0.530305110812084
3.86177617980167,4.0421456036356,5.25090183645185,4.07518887353257,-1.68788428460598
3.72007441893799,3.46159183527947,5.132482362933,4.07518887353257,-0.12991685050059
3.83424220352894,3.69663650964531,4.43953841721044,4.07518887353257,0.185848250041535
3.17802479875914,2.95952519986798,3.53811010738033,4.07518887353257,0.511087085071581
3.2172846626603,3.1930210038768,4.48840397484372,4.07518887353257,0.0289702898117082
3.6116829175761,3.5917196283916,4.43934828119048,4.07518887353257,-0.467593986798307
3.5023424462669,3.40724361123896,4.42617860710092,4.07518887353257,-1.381805907173
8.0875417157817,7.65803883119361,8.23816471849597,4.07518887353257,1.43622171406349
4.95047717002664,4.89725336633845,6.44394561302371,4.07518887353257,1.40485761578219
5.15927293926116,5.52435522523042,7.04767822002217,4.07518887353257,-0.540517996413218
7.02774275466053,6.04353644688638,7.58893579210365,4.07518887353257,-0.565681874120238
3.938042555423,3.99254460492235,5.09585767094492,4.07518887353257,-1.36479446272389
4.33537129318827,4.36414422353562,6.94802809292691,4.07518887353257,-0.316596922200446
6.1270412127767,5.72662762916951,6.71222554298435,4.07518887353257,-0.317919075144504
3.57807906785691,3.78145550744077,4.00640943312783,4.07518887353257,-0.0924604530562273
3.76842865945795,4.03742546145177,4.0605970825937,4.07518887353257,0.0346741102208318
3.45859561261686,4.14911575077795,4.33257659421784,4.07518887353257,0.785594137373173
3.36750015186032,3.82019515877315,3.60141832045106,4.07518887353257,-0.621523353740017
6.9906765086121,6.51622632302952,6.4804620730426,4.07518887353257,1.24221684210244
3.54906228776685,3.97390252193538,4.37689349233357,4.07518887353257,-0.267041576361114
3.57513795174681,3.75535164132745,4.39109962013221,4.07518887353257,-0.0439363736219001
3.21361177153638,3.13309652813331,3.61942280413869,4.07518887353257,-0.350136066049682
2.97870643214725,3.04846435460708,4.96081513866813,4.07518887353257,-0.370003366124898
3.82434524488097,3.51684871355013,4.55251830004866,4.07518887353257,0.144923632249552
3.30664781288407,3.39801813766252,3.75030515941878,4.07518887353257,-0.965221801387668
3.39379115446465,3.3698595012584,3.22738852053625,4.07518887353257,-1.18793963211255
4.07231850905396,4.33866953175245,5.08440977347152,4.07518887353257,0.228584706886786
3.24378714122861,3.57058419298486,3.632896214526,4.07518887353257,-0.155443058512275
6.93729466166303,7.85445334959216,6.92986588286815,4.07518887353257,1.29960431994458
7.18128378485376,6.31182740906657,6.6054159247531,4.07518887353257,0.931643994757594
4.01804843621053,4.2053325536056,4.28178482951192,4.07518887353257,0.307385984755478
7.33243468707011,6.79648147141731,6.39921859093821,4.07518887353257,-0.80817113517229
7.96550575402689,7.21191713017633,6.53352717128833,4.07518887353257,0.263723266385808
6.62785489497122,6.39116700597446,5.91683103158845,4.07518887353257,-0.983163886021363
4.01448561448535,3.64919629337994,4.44849629835028,4.07518887353257,0.214105576927904
4.11239018199885,4.12651554081974,5.20126911315932,4.07518887353257,0.0544406490179324
6.71587817783708,6.19280490850454,4.87474165208373,4.07518887353257,-1.05095643443805
7.67844113206369,7.8875233656286,9.92457252926566,4.07518887353257,0.501648822043486
3.68315665099834,3.83029668383755,3.5267729173495,4.07518887353257,-0.879005803183614
7.75621618431141,7.28401360054226,6.47290638193546,4.07518887353257,0.0251652452235194
7.12528866432925,8.29060862890403,6.35368019036537,4.07518887353257,4.43755917966471
7.00483246289995,7.39352228717034,11.857862507762,4.07518887353257,1.14230960323657
8.25038167294616,9.38872578965139,18.4140721150476,4.07518887353257,-2.77396852110057
7.10712500040305,7.20186355344886,9.56957940700942,4.07518887353257,-2.93916677394758
8.63970731264052,8.16693922595857,11.3618322002087,4.07518887353257,-0.0302346068058075
6.86828270144133,7.38782717941007,6.43628356254045,4.07518887353257,0.124506575942696
7.82348332371264,8.68701506422968,11.9653341263738,4.07518887353257,0.315632784920202
7.83009436997686,8.47985022054052,11.3889543707964,4.07518887353257,4.62895456595123
6.8999702408073,7.60527582347717,11.1855292175573,4.07518887353257,-3.34710530773367
8.45493988385151,8.61521344166357,13.0759703473785,4.07518887353257,2.33724180098314
6.87336182945466,6.77381180713784,9.90923402851011,4.07518887353257,-1.43314615946023
7.78800999268287,8.14159074823232,7.05657361551415,4.07518887353257,-2.30509888225171
8.39440028756997,8.49429891942896,11.9187561171673,4.07518887353257,-1.46502849105079
8.98387184607853,9.4640108039355,15.4411192042353,4.07518887353257,1.46947944383853
7.69938608712646,8.24174123537473,6.62857208696096,4.07518887353257,-3.06602659951208
8.8328304414124,8.79800582561647,15.257526637435,4.07518887353257,0.618342303970634
6.54297637953342,7.20025326647206,5.64972818836479,4.07518887353257,1.66848499495013
7.56053319766064,7.67276015791997,9.528225059463,4.07518887353257,0.893585188503435
7.53246169772785,7.7447791619717,8.65855483324666,4.07518887353257,-1.78112725945993
8.28269395595304,8.4777764855696,14.2610077962828,4.07518887353257,0.340035846715372
7.20246106393285,7.57142707196822,9.77619488851954,4.07518887353257,1.74561789092748
3.71217915359577,3.77471698063196,6.43343053111733,4.07518887353257,-0.746136026572858
4.068714171107,4.27075300328918,5.52178922428485,4.07518887353257,-0.339904826648536
7.18252481080329,7.46364998380825,5.65790730397924,4.07518887353257,-3.16801571099411
4.11479242024382,4.19804415358397,6.90061603750566,4.07518887353257,0.302748458412954
7.15311443424684,7.94235216138341,7.04087729835078,4.07518887353257,-0.821339446346709
8.34772155094133,8.82249285392844,12.0052915734051,4.07518887353257,3.77959624079421
8.59900445169069,9.11488590598689,14.4665328947285,4.07518887353257,3.29836156663767
8.15923850958965,8.86225299815871,9.77141770530672,4.07518887353257,-0.321724322658071
7.649784449004,8.09459558667387,6.63383798575859,4.07518887353257,-0.890779566363976
3.92027210131875,4.05658313355525,4.34788063970339,4.07518887353257,-0.0592847976629108
6.67797097501427,6.20006452434786,5.29549067063518,4.07518887353257,2.55630565738324
7.08832446728264,8.07227106962035,8.78346866743773,4.07518887353257,-0.668849123579686
7.9839254563143,9.28089722143296,10.2026060179567,4.07518887353257,2.2883700581682
7.50989611764379,8.32660327401506,8.20915337805701,4.07518887353257,1.57292246376698
7.65550775364493,9.0088611435589,13.2585649305166,4.07518887353257,3.14966683751921
5.99513457689303,6.97329226746668,6.6749326961549,4.07518887353257,0.048184724011255
8.50751485783056,8.9878401316155,8.4202508494774,4.07518887353257,-0.745438311316639
4.98265861077691,5.2198437241988,5.0404231455809,4.07518887353257,-0.306786108724997
4.17006236543176,4.72734368537571,4.55556275924871,4.07518887353257,0.295124257280688
5.11736849718359,5.86338398287292,6.91905947741693,4.07518887353257,0.0161927780210015
3.71292097730613,4.09855097053473,3.93910672822975,4.07518887353257,-0.748137528941772
8.42099032279151,8.5511462591892,6.97968484093725,4.07518887353257,-0.984750947019027
6.3176619771919,7.4834307151579,5.14065417937753,4.07518887353257,-0.179785491085195
8.18879309537921,8.69621964254484,6.26643653347508,4.07518887353257,-0.657629949119655
7.57576453142045,8.26779198995633,6.74799475248025,4.07518887353257,-1.26548850810512
3.44615739058153,4.63209313346112,3.55876567976094,4.07518887353257,0.960118499228772
7.07875346254692,8.3627488179845,6.33766449241033,4.07518887353257,-2.6402162589197
9.43472396741459,10.3030704608322,13.3535046978095,4.07518887353257,-1.45316257118558
8.53982528777083,8.97500222700767,7.71946844456071,4.07518887353257,0.453463523116211
4.41478460605654,4.10919670189884,5.81816431721381,4.07518887353257,-0.0172495641277499
3.85867769571522,4.11236026193186,4.35655036122844,4.07518887353257,-0.0932171017748303
6.55670717032235,7.07819949773111,7.87507634681758,4.07518887353257,-0.466505848411235
5.94060549058683,6.5202944938859,6.38921708183068,4.07518887353257,0.0604250128420774
4.34125524286753,4.00150585157352,4.90154197770924,4.07518887353257,0.384858276435293
7.08820993789852,7.50868583284814,6.64517800713238,4.07518887353257,-0.788468208256817
7.49337655042215,8.93842641232163,9.91443540926426,4.07518887353257,-0.109480382773774
7.52105962484121,7.61433200119046,8.23849865961954,4.07518887353257,0.0871796743607531
8.0857246832486,7.98541247903585,8.84885415793,4.07518887353257,0.273710448629417
7.57912787061022,7.66448244486238,7.47729308232425,4.07518887353257,-0.761391639063167
3.89837615634786,3.66035864714326,3.5006513184685,4.07518887353257,-0.0833469681141914
6.27814462055107,6.40874519330595,5.87657500540355,4.07518887353257,0.619272047943278
7.03017592312502,7.84124456744715,6.04125007149556,4.07518887353257,1.20337941671459
6.28803838688255,5.9686447161456,5.9092466886845,4.07518887353257,0.159245639601082
4.73689863479548,4.63771614980439,5.88078562599212,4.07518887353257,-0.520099050533071
7.58794589282952,7.18187094837363,6.12106725845758,4.07518887353257,-0.773473604692497
5.94369418993387,5.4811261515663,6.52286279472349,4.07518887353257,0.192504319978825
7.26572724838334,8.25903982588024,8.21621437266315,4.07518887353257,-0.883334414835815
7.05827642365835,7.92893734681781,7.65897191215835,4.07518887353257,-0.313938315215908
7.98555870981965,8.12070156707123,6.87133289841838,4.07518887353257,-0.428205211939132
7.94370848317013,8.34691225869998,9.58249958613013,4.07518887353257,-1.5245063171087
4.14637582783475,4.06873257795609,4.98793747347905,4.07518887353257,-0.46727056045133
6.79899936283101,6.90255159900151,7.78383087859678,4.07518887353257,0.58439835944036
3.23330098819634,3.30411260328805,3.1614711576923,4.07518887353257,-0.168030661490747
7.59477986157839,7.23853968342463,6.13007180128971,4.07518887353257,-0.796396952654682
4.24115012006925,4.0122500419997,4.48047610504262,4.07518887353257,-0.283749776022211
7.47828320120209,7.73170535680475,7.36608915775983,4.07518887353257,-0.604429012592603
3.75047366780691,3.95141909137531,4.3539050345922,4.07518887353257,0.0583169979469838
4.0778107714072,3.54298709956108,3.87749502999671,4.07518887353257,-0.50752131470168
3.73189309935641,3.81839152397364,3.53428824879591,4.07518887353257,0.411198277835821
3.37892866319239,3.3995836436617,3.30132210657551,4.07518887353257,-0.568145032892955
3.55645669896142,3.72393512685302,4.2302275904026,4.07518887353257,0.218091332971592
3.7388161260363,3.47829056640324,3.15762150476576,4.07518887353257,-0.437926026578388
3.79427192722035,4.09064418805835,3.55876655129146,4.07518887353257,-0.335687471163118
6.26459945621659,6.24219317911932,5.14730279091592,4.07518887353257,-0.339528631316855
3.62654844185686,3.46737514881528,4.15912240968519,4.07518887353257,-0.117176514701747
4.03792528555358,4.0524941949164,5.40071225813129,4.07518887353257,0.336717148633097
3.51647162401833,3.66697487631423,3.25753106596749,4.07518887353257,-0.417629595563443
3.75647560367504,3.85426829603642,4.83661218306835,4.07518887353257,-0.124857360699613
5.68225596645382,6.53088468550059,6.94173312578383,4.07518887353257,0.295805710620858
7.55155825451474,8.04164463342132,8.47575068074962,4.07518887353257,0.456839797572713
4.09163329145669,4.57807142500714,5.980676691922,4.07518887353257,-1.3695169335358
4.75594619253252,4.88642792921116,6.04688255405043,4.07518887353257,-1.02475593909306
4.49683787326326,4.2503712795296,5.48688225239394,4.07518887353257,1.00868849388006
3.37261341316606,4.09748173297525,4.14018043335553,4.07518887353257,-1.00749657706021
3.68267903977387,3.57761006341837,5.1732484603707,4.07518887353257,0.407460991917893
6.8780014370399,7.47179626067977,6.76210169521521,4.07518887353257,1.51913711179328
3.2129834199038,3.21746749464722,4.68080073165539,4.07518887353257,0.0953758451435667
6.20788841109473,7.8153446400822,7.25028230801603,4.07518887353257,0.845243034851168
3.27899655739132,3.46400045157339,4.13191703460921,4.07518887353257,-0.395462846722813
6.35873182296818,6.68216492551609,7.76622086284017,4.07518887353257,1.62089049603886
7.0547322597141,7.22349892933517,9.08929779035236,4.07518887353257,-2.70463541233759
4.37313636842664,4.41082053674591,6.00085076692874,4.07518887353257,-0.755572609620813
4.20457374959588,4.62496625489364,6.04256584259434,4.07518887353257,-0.762093367862741
3.88761656902946,4.24031000800054,4.78721280002379,4.07518887353257,-1.94284441988859
3.58764159879177,3.83366663733415,3.59317033440607,4.07518887353257,0.553111919987761
3.2806583198792,3.19642471150841,4.39818781355231,4.07518887353257,0.420334776611447
7.24470447356306,7.7738715612771,7.96630274914834,4.07518887353257,-1.44661809176086
3.88580497424301,4.16784961461394,4.61128450764476,4.07518887353257,-0.423553448411349
4.12631200008513,4.26199260377863,5.46505219076129,4.07518887353257,-0.917088998844518
7.85015074485208,8.83028894450389,18.3403940968561,4.07518887353257,0.119926699973904
4.22982228648106,3.85500317750029,4.39220135810737,4.07518887353257,1.70244282676984
3.86801252567959,4.07471623826461,4.09049592521174,4.07518887353257,-0.467757530092711
4.2786621312777,4.21775257662656,5.34297144319075,4.07518887353257,-0.393336873365194
7.72418468686744,8.02049965624918,14.4279736082986,4.07518887353257,-0.183229833943878
3.65386429886549,3.48833266636508,4.97853415215935,4.07518887353257,-0.741940198619967
3.49112070749386,3.35962691684772,3.84399191291705,4.07518887353257,-0.527499457344723
4.4961234934547,4.18811188774674,4.36301966413831,4.07518887353257,-0.977914514888473
4.12403729354575,4.27001518918721,4.46019617144153,4.07518887353257,0.0837614191360666
3.50142975224586,3.35025404963694,3.65137847941388,4.07518887353257,-0.588341070664246
3.43937885916808,3.35624684133626,3.67648163032624,4.07518887353257,0.483406247950061
4.58041129513466,4.23957016824261,4.39481205161461,4.07518887353257,-0.194834169121635
3.79147869738527,3.51112535441424,3.94644732072864,4.07518887353257,0.875871221753697
3.85892626095173,3.53402614617924,4.35554768460335,4.07518887353257,-0.625417450968493
3.78836559970233,3.94057031145628,3.8076617828735,4.07518887353257,-0.704627282967245
4.16142478781824,3.83149891408836,5.29411662324874,4.07518887353257,1.00791325504549
3.61087077831676,3.82925646281892,3.8062947090656,4.07518887353257,-1.09812645100109
3.36011240301293,3.45996570778757,3.50277515880313,4.07518887353257,0.458250511948806
7.59560664713721,9.05433643817824,9.32943218094822,4.07518887353257,1.30387162730574
7.56665078147916,8.18734994019489,10.4328828885528,4.07518887353257,0.606845904713855
6.25596728189358,6.83270814599654,8.57122188951208,4.07518887353257,1.38889779071034
6.39182606598111,6.62548604315111,9.66923369464898,4.07518887353257,-1.42441229339414
8.56252906926738,7.64649174960666,15.8819107394773,4.07518887353257,-0.406577568831002
8.14400236024946,8.42698762317093,8.9556773240486,4.07518887353257,-2.2898873131265
7.14538452942899,6.83514697310773,10.0090364727016,4.07518887353257,1.01698030895178
8.25574164111952,8.8382469860655,14.5595911431955,4.07518887353257,3.07990916325381
4.85438432333335,5.38320304798567,7.03017699000063,4.07518887353257,0.0699587323584475
4.05901998799272,3.66711845243019,6.57346884252478,4.07518887353257,-1.59280897915667
3.45088999750395,3.3875344364643,4.56130586562489,4.07518887353257,0.710554815709149
2.97165775748487,2.79385951257857,4.79457448024565,4.07518887353257,-0.896996139328616
3.37072477533622,2.81650885286744,4.49070069933183,4.07518887353257,0.333496266755633
5.34233421954448,6.33933583040584,5.91966273479953,4.07518887353257,3.14540644546886
2.83125010875097,2.98286811308194,4.31401276737822,4.07518887353257,-0.289055158385572
3.1262683059978,2.97917319432145,4.91484088412818,4.07518887353257,-1.50779530568406
3.46289312950334,3.31487007824031,4.51512807588539,4.07518887353257,0.146839065163573
3.43168288737566,4.12174337167515,5.35429572652771,4.07518887353257,-1.44214279237428
4.45001043712583,4.58272491818822,7.32739206092875,4.07518887353257,-1.85626841985944
3.74842449916695,3.3940349439207,5.69421760808318,4.07518887353257,0.127185362491002
6.02394618121643,6.83656250935358,11.0511925648625,4.07518887353257,0.225473673458963
6.38506866684737,6.41433874409909,8.90833847941483,4.07518887353257,-0.932084752659719
5.95957215270781,6.31033751642314,8.41195671144153,4.07518887353257,-0.377302036873163
3.71271281978826,3.62974395942594,5.68024849261963,4.07518887353257,0.307931704335043
4.36072242214847,4.39772272489906,8.08365366364035,4.07518887353257,0.00291552950451924
3.29872628518092,3.37269490909213,4.33580917561866,4.07518887353257,-0.167711217256376
7.20821472221529,8.19159544081949,14.1026926653473,4.07518887353257,0.990155395169952
3.38108710116187,3.95306580291369,4.62310371445878,4.07518887353257,-1.21270447364735
3.90719294450697,3.64403472573755,5.29192297248839,4.07518887353257,0.404303687813482
3.67368541543128,3.94560992390212,4.98373799062598,4.07518887353257,1.16327993216666
6.6020971570631,6.65882453420612,7.52318090091092,4.07518887353257,0.842769486866803
2.76744044888311,2.61888032968674,4.23612220762396,4.07518887353257,-1.13436266729087
3.31880321490974,2.87345751898503,4.2205440755252,4.07518887353257,-0.647939738873653
4.66425097744592,4.17243887490641,5.8118508475381,4.07518887353257,-1.33740549535164
3.99447502761794,3.44521696332074,5.5338794635861,4.07518887353257,0.285036227550568
3.11613199591373,3.0638231277005,3.84769840755542,4.07518887353257,-0.276886597703852
3.63437193299365,3.51754891665863,4.95040025391107,4.07518887353257,0.9273319281705
3.34646816049805,3.13971722284651,4.61670947173932,4.07518887353257,0.827547469689547
3.59020135525649,3.13472616198508,3.96284558450079,4.07518887353257,-0.979153225755342
4.2211573302174,3.75089174871165,5.26375675192616,4.07518887353257,-0.784513576478149
3.09804655821433,2.84032483728691,4.23133591439908,4.07518887353257,0.778727281469963
3.3120446734631,3.41634871220407,4.18048456940223,4.07518887353257,-0.442372858188427
7.86251636753328,6.92388883880495,8.57389772654584,4.07518887353257,-0.00890746259793885
3.77331291744031,3.74722674170926,4.21844360570046,4.07518887353257,-0.956724720831588
6.36339483931755,7.93167286102015,7.57933012036206,4.07518887353257,0.17222542285969
7.2762852545858,7.42610905515444,7.25417755727607,4.07518887353257,-0.288188305801699
3.9999388132812,4.0171653810891,4.71558621023705,4.07518887353257,-0.440894685296817
4.39470759880814,4.45951407099527,5.72841057452536,4.07518887353257,0.0481619208619941
4.72451699620084,4.98496721269199,5.65886923762801,4.07518887353257,0.0239714957123658
5.96731607144992,5.31268193690835,8.85827906443438,4.07518887353257,-0.698609683173431
4.29547146004182,4.14506268296707,5.71510006059599,4.07518887353257,-0.123191746873382
8.1927222075387,8.92979695989178,13.5339488108404,4.07518887353257,0.659452147446734
4.71906668189101,4.71994319450387,7.05062033180025,4.07518887353257,0.218862230270097
3.50926532335156,3.50815990876434,4.74103752464756,4.07518887353257,-0.0777921075490825
6.64152972917143,8.16947540939261,13.0438803044684,4.07518887353257,-0.165075436607804
3.81861572409686,3.69053848466539,5.57864958180185,4.07518887353257,-0.703097516620447
6.65343187942976,7.90891047559176,8.78643776537852,4.07518887353257,0.656135444070837
4.46050704906277,4.22752966714157,5.95843042640281,4.07518887353257,-0.50625458827293
4.47146182337354,4.1321869792987,5.09040314236161,4.07518887353257,-0.143071862573859
3.7694859927578,3.7653396761976,4.19723071006183,4.07518887353257,-1.07084396514372
3.45364769863372,3.48861016068698,4.85144492982754,4.07518887353257,0.101043437916268
3.47751634384842,3.16986864902249,4.06270826254377,4.07518887353257,-0.578385476204437
7.27312794940084,7.31986354532033,8.30849623925932,4.07518887353257,-0.765000398685633
6.40131827756262,6.36701864853176,7.96414688597255,4.07518887353257,-0.245899025498143
7.62142578753619,7.26817755932475,7.92563702537994,4.07518887353257,-0.0626580306709403
6.33811348508712,8.09501619101723,9.30758932596929,4.07518887353257,-0.0573714099140603
6.72894415593765,6.87706214014753,7.22242906553025,4.07518887353257,-0.707058464306776
7.93276351090085,7.97515083361828,11.3391713688731,4.07518887353257,-0.430491280815699
3.4159926330107,3.04376404074682,4.46720591171076,4.07518887353257,-0.0402483437806534
4.15393486297368,4.11393749632224,4.27492826283582,4.07518887353257,-0.267976159995777
8.05971743855122,7.96328187370206,8.73199575493122,4.07518887353257,0.0233937426823888
8.04813635750248,8.98215711777459,10.2122744165506,4.07518887353257,-0.866885014872569
7.75409593323832,7.84875440091607,9.21931701775639,4.07518887353257,0.255739112733225
6.69445529564892,6.86696466833898,7.32852049098497,4.07518887353257,-0.0249075101124491
7.36871780719039,7.51334457330511,7.44801546035622,4.07518887353257,-0.988637256562047
7.6351880728352,7.53534099919314,9.99362555540568,4.07518887353257,-0.534027397260269
7.23957676534874,8.16750700172542,8.53565161409666,4.07518887353257,-0.239455503276567
6.58172807306972,7.15633587892015,6.72275661335509,4.07518887353257,-0.309079313669791
7.53858336657551,8.84460634031385,8.74156424375582,4.07518887353257,0.819248821197401
8.81159786418554,8.93257575077287,15.3729087098168,4.07518887353257,-2.27728207595031
8.11137844201084,8.11396723695137,14.0317715173583,4.07518887353257,-0.358043552323427
6.53320281553116,6.84345092580243,12.646411881196,4.07518887353257,-0.837365011721408
6.61680138433307,6.7142816816771,9.67143468286202,4.07518887353257,0.474490573708011
8.25284605400416,8.31289717499738,12.815177003276,4.07518887353257,-0.0107178433177445
6.9081487535123,6.35707750474007,11.080155678406,4.07518887353257,0.182041359796946
5.93170917132679,5.82933222188853,8.41798815161409,4.07518887353257,-0.29054680742415
7.64956297134832,7.8151201295997,11.0422500285664,4.07518887353257,-0.923487507528716
7.68602254099091,7.24027821550317,13.5369466265061,4.07518887353257,0.935307390986267
6.89931397330701,7.84279096588997,11.3845775205497,4.07518887353257,1.88142083937917
8.19398001080922,10.0856375331988,16.603371749403,4.07518887353257,-0.440187574916206
8.78450262419711,8.97839106862143,15.3289457040129,4.07518887353257,4.92564594940589
7.73352693395629,9.70384724443379,18.1532587343902,4.07518887353257,-0.298221928794179
8.73969718070666,10.7911905660022,30.4416112719633,4.07518887353257,3.19318133178944
7.63284418642047,9.70203838201534,16.099910650532,4.07518887353257,-4.12810998674733
9.02129807903733,9.30788424382588,20.3124384514738,4.07518887353257,3.10214899969607
7.83094179595335,9.95376627423932,19.9524540774655,4.07518887353257,1.62967644026634
8.81928403795168,9.7125291565741,30.1544700494983,4.07518887353257,4.37336588523782
8.05568830575587,9.492860963371,17.3874694430413,4.07518887353257,9.27378055787323
9.51222962401803,10.4254825800443,27.8318937551158,4.07518887353257,-10.072208875703
9.57933452781834,11.2468761130804,26.9827381247704,4.07518887353257,-6.46076138328694
11.8142549168962,10.2845664256305,32.5979547083006,4.07518887353257,3.9974845964985
10.2688924043404,10.890539641801,27.3148960438764,4.07518887353257,-1.57961194004889
10.6000423740596,10.0374960546929,33.8711917388577,4.07518887353257,4.0368963795119
11.8957719203473,11.2744925263467,36.5089718465975,4.07518887353257,-7.80528391932546
10.0717663376346,9.85132727045867,27.4126317239605,4.07518887353257,1.11479871800133
9.22193577837262,10.1680562369269,17.0711677974153,4.07518887353257,-5.7233165810309
11.4976910075606,9.50375751646086,26.1983838595688,4.07518887353257,3.90977481692716
12.231956942554,9.94868326219215,30.1978567853181,4.07518887353257,0.957154319743545
10.023061823995,8.81024107263605,18.4249527391109,4.07518887353257,4.18775196774813
12.3157022503644,13.0600876714082,31.3495596820341,4.07518887353257,-1.99524731208649
15.2676447380817,12.2973865023725,41.3286566372719,4.07518887353257,1.40852264244348
12.3895953225392,12.9367182073812,32.9220782154523,4.07518887353257,-2.23907390819835
13.3466283867236,12.5223925057051,38.1298087846064,4.07518887353257,-0.10924061369165
11.805038396063,12.9949255806877,36.0888328669648,4.07518887353257,1.15276294960057
10.3148790410123,15.0424969833834,27.3766488753536,4.07518887353257,-1.93052574732658
12.2762438547445,12.522950951805,36.1106860330685,4.07518887353257,-0.851580813968756
10.5534715052635,12.2183363356127,26.8699289403152,4.07518887353257,3.70720941132251
9.91892949293512,12.1404181834517,23.1924136626156,4.07518887353257,-3.11364988694513
12.2094624863345,12.4515066031286,39.0441601379229,4.07518887353257,0.26706245152712
10.8982347693298,11.9924562262613,34.6633991734082,4.07518887353257,-1.6791066365793
11.2468529611316,12.0284061599106,28.7715883258088,4.07518887353257,1.81111289640017
9.96740390195345,10.9480268325429,31.2886201806132,4.07518887353257,-3.51664054577302
12.4948362489361,10.9926246190543,29.1212448686614,4.07518887353257,-1.30159923004919
11.3962868468992,13.0224934454245,29.047352145259,4.07518887353257,1.23314805568207
11.4678838324569,12.669206433359,27.4895543997198,4.07518887353257,-1.04821290477418
12.8419701039434,12.6501871619872,33.3083368200152,4.07518887353257,-0.640172765278042
11.8175631004944,11.0958920716886,33.5980298426571,4.07518887353257,0.357803798356818
10.5532121395587,12.2546266660381,26.2000384769626,4.07518887353257,-2.00547612851049
12.0564698870092,11.2826029262497,30.4737265053304,4.07518887353257,1.12841090477406
9.22780488040323,11.1646078175237,20.1357479812107,4.07518887353257,-0.383877568647439
10.1020647618818,10.5352133729977,30.9171388494938,4.07518887353257,-0.554527272688544
10.1449114758549,9.68239155688429,28.1681752155259,4.07518887353257,0.268373923035783
9.86648841819586,12.2815738147662,40.2600991706758,4.07518887353257,-1.47418790639195
7.9634919757649,8.45458637338553,20.9964581151273,4.07518887353257,-0.490612810399594
7.99859153072409,8.26652999905279,25.8604895109191,4.07518887353257,0.773131341650281
7.76320318230225,8.18858485399446,22.3610917438739,4.07518887353257,-2.0221897761707
8.37445843206804,8.07572869645342,16.3761716373711,4.07518887353257,-0.663029514660372
8.54719899677155,9.60611513411098,18.0484747180863,4.07518887353257,-1.27508610769155
9.17869038463037,10.0265061806507,27.5287944217205,4.07518887353257,5.01057036375129
8.5292070280558,10.4611992990994,17.4397138769953,4.07518887353257,-0.78531738085704
9.58729908658324,9.31232270417537,26.0237986585815,4.07518887353257,-1.76416017772524
7.95263446312432,8.06129835717948,16.6693701604882,4.07518887353257,-0.332784889897539
8.5709773285829,10.1011120811288,19.7366312295379,4.07518887353257,-0.296218975645328
8.13014915541413,8.61150009437678,19.4308771699232,4.07518887353257,0.0340589589544584
9.39982753435238,9.73759314175962,28.5026411707878,4.07518887353257,-0.784673352200765
7.85657878348338,7.89946494163607,23.2532839308286,4.07518887353257,2.02863517672201
8.40900768940629,8.35242814433991,24.6881442158866,4.07518887353257,-1.96453023543443
8.67576992783287,8.41122748348658,19.4967398308147,4.07518887353257,-1.20509803728518
7.90097361466499,8.32285313117327,30.0724749949897,4.07518887353257,0.754899538478651
8.27615928598711,9.46601443899277,19.9174875858028,4.07518887353257,-1.35585199938047
9.6580169803754,9.83277354680992,29.2424899107707,4.07518887353257,-0.823966175105697
8.41803196485925,9.65841644293937,19.5228098103798,4.07518887353257,-0.760047570386224
7.38269384439041,7.83759514347506,19.606698428624,4.07518887353257,-0.823507551727435
9.09286662385962,10.9455203071678,25.759006931102,4.07518887353257,-0.113756277176149
8.08265536973169,8.19464974563224,24.3411104073918,4.07518887353257,0.702880295430261
7.91085906970589,9.05594978249322,19.0280960605109,4.07518887353257,-0.17654044714797
8.76676863935428,9.22954599927941,27.9925989541891,4.07518887353257,1.08664290253541
8.14992027448564,8.41495065566764,23.410717120515,4.07518887353257,-0.347823839410253
9.06065517266864,9.95796233473393,23.8307432391483,4.07518887353257,2.66918105926454
8.75923468472387,10.5743567943854,31.7023576484353,4.07518887353257,1.32916384839212
7.06394475103826,8.49004632520115,19.0383178409456,4.07518887353257,-1.23883218609067
8.40149979681937,8.91681154645995,32.5673454532837,4.07518887353257,-0.492639018360727
8.18927463933857,10.830225329421,23.004712010838,4.07518887353257,-1.7765836623735
6.77247186094167,8.18315567331529,20.1665356683981,4.07518887353257,-0.375031207372547
7.04834966809231,7.6864203458456,20.0086937873186,4.07518887353257,-0.260441543039539
7.51507203346357,7.41304466857428,22.8975495719289,4.07518887353257,-1.2732080708718
7.30556840456602,8.14817135596569,19.048151747879,4.07518887353257,1.1333893667309
6.69901737616559,8.25097931262733,16.4698251970656,4.07518887353257,-2.58953593574155
7.66506641542923,8.90427503821224,24.1572337225234,4.07518887353257,-0.18507365304024
7.87337044281699,9.49534774979505,18.2902866139685,4.07518887353257,0.124526205520126
8.93758608941444,9.65260400036091,26.0822934431628,4.07518887353257,-0.978511893003285
7.54462003618157,8.76510380372686,26.2294885468141,4.07518887353257,0.705235445472126
6.83056672219413,7.48427826912715,15.6283666585003,4.07518887353257,-1.39954976923022
8.69938308976987,9.91811259999969,24.0615685251362,4.07518887353257,-0.680575583446971
6.76477951243218,7.13533810422639,19.874009325142,4.07518887353257,-0.822626884003927
8.11260938664372,8.47035997620516,20.8721203586134,4.07518887353257,-2.13388546649366
8.13230718177632,9.38217108472325,23.9135459701094,4.07518887353257,0.38239416502255
6.92918769647633,8.09611554594548,16.0732494005308,4.07518887353257,-0.584429522998188
6.76787443760207,7.28614490955508,20.9979589435529,4.07518887353257,-1.03865170513615
6.9224045917956,7.54390229307719,16.7210311626083,4.07518887353257,5.22658435140501
7.04328767178998,7.6326342138088,17.0763804742419,4.07518887353257,1.26782184231743
7.8141813495015,7.95343132863212,16.9175866693864,4.07518887353257,-2.95972447340413
8.41355538129004,9.59741337658698,28.4445832600644,4.07518887353257,2.12121079164783
6.69208992459504,7.82077116266185,15.7348987872645,4.07518887353257,0.598164624371991
8.3010851066704,8.13512808128239,27.3375368229706,4.07518887353257,-1.42856382827796
7.53096528107466,8.39542116633175,22.2691584347516,4.07518887353257,1.67210572372971
6.75867070313303,7.27652167516382,15.706682797031,4.07518887353257,1.48164941854262
6.8622141086379,7.92985546688348,20.0659069466029,4.07518887353257,1.2992568326723
6.68738191270487,7.10787196491505,13.1720371240891,4.07518887353257,-0.582830948563363
7.60176446834831,8.37249055292443,20.4616000677678,4.07518887353257,-2.33708714840678
7.14471650977098,7.52417502004259,19.475168729975,4.07518887353257,0.365173853552086
7.56633584932287,9.39182324562045,23.042703175536,4.07518887353257,-0.839975448094346
7.12310364730676,8.86900814627356,23.6938216431427,4.07518887353257,-1.44630523924381
6.90172901880855,7.27744619512617,22.1640894913942,4.07518887353257,0.724133442800224
7.47446179404379,8.98023820030877,18.9339666946566,4.07518887353257,0.389962827465818
6.95526728628028,7.84862027159097,20.9357962203475,4.07518887353257,-0.37380687361133
7.01696282254106,8.21846002903536,23.6544913020214,4.07518887353257,0.106783446253754
7.52184467667285,8.85011961871228,23.7324816112344,4.07518887353257,0.0210880580727482
7.33519310540867,7.44588384732489,21.9141495514588,4.07518887353257,-0.254310459396496
7.88916592730011,9.56525350883669,25.1146025344909,4.07518887353257,3.93302842067601
6.72562373944856,8.42257239474396,12.5715017428798,4.07518887353257,-1.86650345156855
7.28049565871179,7.29976116259816,22.0602853654744,4.07518887353257,2.62352939103529
6.93650063889192,7.02863471068132,21.3082811100323,4.07518887353257,-1.76052526171067
6.91568027345514,7.43484489341163,22.5015993235225,4.07518887353257,-0.109951341563682
6.13957989039702,6.86355271430325,17.780090034621,4.07518887353257,1.74212346338539
7.26347575081854,7.26248768538193,22.5059706548876,4.07518887353257,-2.31102286677293
7.41204565603734,8.08832165229174,17.7982826316967,4.07518887353257,-0.936067383999859
6.80557977930321,6.62823335654161,20.6319271750883,4.07518887353257,0.298833218600242
6.41365400538237,6.86389316258038,16.1134568032081,4.07518887353257,0.691129777607835
7.1485460836507,6.97745273214696,20.0726388294241,4.07518887353257,-0.76269198660582
7.47107014113717,7.61480711801055,23.5361234734219,4.07518887353257,0.659050196780589
6.75486144056727,6.86316142614911,24.7163718198266,4.07518887353257,-0.599429957921522
7.22150887900783,8.09225332420665,20.7631216195869,4.07518887353257,-1.52433258995527
7.72485570159008,8.46754596595132,26.2024008464384,4.07518887353257,-0.00867098663784843
6.55715265959014,7.43173191782362,20.8926499416311,4.07518887353257,-0.086060108811442
7.15736438180772,7.31479744034767,24.019070905836,4.07518887353257,-0.492094010409776
8.06401693044233,9.56593100755092,25.5187204707658,4.07518887353257,-0.311595232632634
7.66097943087558,7.73516999231558,21.0727707203237,4.07518887353257,2.14534668384548
7.42616378654836,7.50496868481927,18.1359808962652,4.07518887353257,-0.300049172478943
7.82546514037778,9.18644777494068,28.4293326752034,4.07518887353257,0.212308917942159
7.49259974369063,9.20794266123071,21.4534939100393,4.07518887353257,-1.07292366281744
8.32418418449481,8.3296977774585,22.3329807785923,4.07518887353257,-0.57351904426195
8.00376563730256,8.18619035974415,20.688543386088,4.07518887353257,-0.662290340507222
8.65405339589119,9.89073961824978,29.8493770652425,4.07518887353257,0.108845159135067
7.7306227701646,9.79988870106381,17.7992447482273,4.07518887353257,-0.215125616023622
8.4438220909701,9.45639746876537,26.5046662177949,4.07518887353257,0.506543708069788
7.83796941365097,7.52725864203981,23.1212769933731,4.07518887353257,-0.457356830004258
7.9046865775673,8.77741524035448,23.683555220863,4.07518887353257,-0.0145599054462673
8.13422052545397,7.96360085988349,22.0314938634215,4.07518887353257,-0.334128432367797
7.06613872107086,7.14117623972237,18.1967901077963,4.07518887353257,-0.848466324843412
7.00802387616736,8.19667272980798,25.9226710907859,4.07518887353257,1.39841185779518
6.33797574806607,7.17821195155363,18.8838197633245,4.07518887353257,-2.50504026268779
7.01468337708634,7.39673217795804,25.8526776711287,4.07518887353257,-0.632480846782787
7.07938256465754,7.18434996580991,23.044458918773,4.07518887353257,0.577633245282922
6.3406437381751,7.46951876880272,21.9670211267535,4.07518887353257,0.734648247225107
7.40440896401805,7.67774274290525,30.368434083949,4.07518887353257,-2.30761418038955
7.45241306305867,8.12063778300305,25.4607499260469,4.07518887353257,-0.816308112315686
7.05317233802918,8.20558754458948,23.7542774972975,4.07518887353257,0.287877872344553
6.93852177545538,7.7535157519521,21.2419447957405,4.07518887353257,-0.0511744537127039
6.63043132997608,7.5519588843804,22.5656535763738,4.07518887353257,2.79862626100893
6.43862696034236,7.17107047366002,15.9942226904869,4.07518887353257,-0.677818747545317
8.61992011979758,9.19827212635206,37.5153991451292,4.07518887353257,2.09180299556189
7.26036029866927,8.97619962117139,29.1067090282568,4.07518887353257,-1.56405437432542
8.49057567180625,8.18005317824309,24.0541757400369,4.07518887353257,0.399446497207219
7.35601613365269,7.58814478535342,16.5737666109047,4.07518887353257,-1.18277588217605
7.48960023650728,7.79054460653649,21.6316445043625,4.07518887353257,-0.317604523006969
6.48502021532961,7.48819406992731,22.1440333798569,4.07518887353257,0.0579042600887059
6.81886439142868,7.50598625562805,26.0858886237977,4.07518887353257,0.232481849684628
6.26427433142129,7.18017933533942,20.1660434003203,4.07518887353257,-0.57911707348152
7.26502363733626,8.25165969102559,30.4427758847067,4.07518887353257,0.415985029525181
7.14834113053893,7.86672410758965,20.3948138772451,4.07518887353257,0.219529422084831
7.39548549865513,7.96652533423737,21.2503627140819,4.07518887353257,3.56242092467482
6.44283005340024,6.96769608584405,18.5819093106823,4.07518887353257,-0.632429369106305
8.17222655121099,8.83874645350564,25.0766256302458,4.07518887353257,1.67884393150618
7.61486818995971,9.32999531498274,22.4586307309187,4.07518887353257,2.88377826867638
6.90987742763072,7.9957939162112,21.9881075549388,4.07518887353257,1.72927772122936
8.42790538685651,9.0910455182093,21.848203673978,4.07518887353257,-1.64080551989731
9.63497099958407,11.7315156091589,37.8390146019471,4.07518887353257,0.331548971471314
7.87534134282743,8.55089922564577,22.8568747630011,4.07518887353257,-2.35906797876737
9.31167995457777,10.1098577464301,35.4238401922685,4.07518887353257,0.885703560128391
9.04704724998117,9.69975254445211,25.8559873888318,4.07518887353257,-0.533076910141301
8.72796331003749,8.47330852277868,27.8161418777025,4.07518887353257,-0.38092254726936
8.13491947803226,8.96299196688991,23.2668414402484,4.07518887353257,3.13004170460174
7.90117199569176,8.48382383212481,19.9012041803968,4.07518887353257,-0.608719585523345
9.22567793785302,9.95986409514637,35.7452379350923,4.07518887353257,0.525120906949212
8.15295107214478,9.13187104249254,25.4263113985747,4.07518887353257,1.68162184210993
8.17438798990053,8.86979904298351,25.1469531698435,4.07518887353257,0.143528183716067
8.05427355149523,9.0354334476165,24.2560179584004,4.07518887353257,-1.5540068432324
7.76167681306308,8.28375383694016,25.7492109894214,4.07518887353257,0.533791360925016
8.2472658503546,8.62838051153363,26.4742762713001,4.07518887353257,-1.5113367704336
9.204077276574,10.3279338303692,31.5693714413857,4.07518887353257,-1.81859291262077
8.35159215922616,8.23157619782651,22.9768286220437,4.07518887353257,-1.0414417590165
8.57577200575977,9.49540138699776,27.3684593990305,4.07518887353257,-0.629065211276506
7.67244486722489,8.61125916251457,21.5113576817089,4.07518887353257,-1.20946354206239
8.55050966777948,9.41003364382158,24.4907767194203,4.07518887353257,1.30540257062351
6.5895101935426,7.76293927421966,21.7233835685037,4.07518887353257,-1.61034083821179
8.9573086406464,9.75832833850301,21.8418085910647,4.07518887353257,-0.11200467696168
7.91997610756045,7.89590313248666,23.7308573569216,4.07518887353257,0.707307550438002
8.32542807482609,9.34168552103183,23.1423438962752,4.07518887353257,-0.91134235623819
8.33989468063637,9.10560728556893,25.510226253853,4.07518887353257,1.23995794806657
7.87351235917669,8.70166123060435,21.8310904696066,4.07518887353257,-1.30123031224296
7.21135927282861,9.21248442516053,22.7815535566068,4.07518887353257,0.469693772208496
7.90547767964817,8.43259970352365,20.5052925310714,4.07518887353257,0.42019214514322
8.08149513562786,8.51070389362861,21.2758877110797,4.07518887353257,-0.493395733734617
8.96618080507204,8.94932966942043,25.5723673500744,4.07518887353257,-0.777891143720344
6.68716487702595,7.47392396686108,22.1849331782402,4.07518887353257,0.0584621096662307
8.37724871069393,9.36187508368352,31.7153979615348,4.07518887353257,2.61877709011953
7.53137132470394,7.78779981400723,19.9454024598575,4.07518887353257,-0.826973233356129
8.9449705321031,8.68943899293442,25.7416859280411,4.07518887353257,-2.16619689300985
7.74694027664863,7.8008136922968,20.5887560882552,4.07518887353257,0.715320692470689
8.45033816514977,8.61863617815764,25.6868530091576,4.07518887353257,-0.153052578062107
9.35972933886088,9.20612510051521,27.3036317692337,4.07518887353257,0.610267161401772
8.36135007461565,8.95981647844563,27.200146795083,4.07518887353257,-0.329556961515568
8.10900183029312,7.9591708912719,21.9680892635608,4.07518887353257,0.327598713833871
7.6592437540864,7.94830967762514,20.3258472803753,4.07518887353257,-0.209842691199565
6.5109096028174,7.56738057667142,25.5834560143089,4.07518887353257,-0.155259147290404
8.40127194483106,8.10874642969514,22.2891924355941,4.07518887353257,1.06838434927708
7.73926636475259,8.10326785910643,20.1812429876838,4.07518887353257,-1.78200814801237
8.41749407389761,8.29752717664792,28.0118125612387,4.07518887353257,-0.0577415309402681
7.60712347920338,7.7720029767915,26.9850215802731,4.07518887353257,-0.0295419691460193
8.08227895718219,8.04555132780231,22.7288228047669,4.07518887353257,-1.05255614573787
9.15171861948602,8.24179652648643,26.893727134432,4.07518887353257,-0.271841322029884
7.14936752316402,7.41760163225951,21.3686292249549,4.07518887353257,0.337837597048124
7.88791748184066,8.21971292928454,19.7280310189375,4.07518887353257,-1.29299771651454
8.19715281778703,8.4657800733792,20.1091034147115,4.07518887353257,0.806421436040157
8.18502009151081,8.51860514005617,23.141453149999,4.07518887353257,-0.942122325236277
7.86832510360652,7.87618525068233,18.5992818961087,4.07518887353257,-0.0267686585258157
8.15082708089006,7.80286082084428,22.6525492263153,4.07518887353257,-0.642556101060367
7.13667415131254,7.98580210949459,16.486279852698,4.07518887353257,0.144647486140842
7.71932083662833,8.58229845333637,20.595722673914,4.07518887353257,-0.328881692091834
7.62816181618979,8.49621690284388,16.7283364943344,4.07518887353257,0.123175104218495
7.08690896134561,7.83937546603531,18.7285572705596,4.07518887353257,-0.0360705746557837
7.26436040065909,7.83501817572586,15.1540821698154,4.07518887353257,-0.163529090323787
7.00487710819545,7.22604789614982,12.8856043951483,4.07518887353257,0.596872227481249
8.193072676127,8.09717589095213,18.8162936305418,4.07518887353257,-0.70607941508504
6.67945648724081,7.37009537178429,14.3511070787694,4.07518887353257,0.0225166337430815
7.07204118413836,6.76579576993947,14.494953180727,4.07518887353257,-0.174123031703835
7.391779971279,7.24573081102442,15.8411363450862,4.07518887353257,0.70971058572767
6.98891720866797,7.28155713592819,12.835095149367,4.07518887353257,0.76588289447093
7.88373341461364,8.53759570969951,20.1121527804484,4.07518887353257,-1.23114229137354
7.22985283133869,8.31934861357198,18.7768418669321,4.07518887353257,-0.776876483971916
6.853058384403,7.87774298362753,18.7888148360976,4.07518887353257,-0.657161163486531
6.30189644269368,7.60400121522995,13.6467534765343,4.07518887353257,1.11715297221002
6.79135941288789,7.16060211965375,14.1627679640502,4.07518887353257,-0.408705773963584
8.37119213178643,8.86031657658161,23.027882358754,4.07518887353257,-0.201490201823135
7.39615518624428,7.24121227455325,14.6808353053642,4.07518887353257,0.587838143159792
7.08841396662849,7.87274591383115,22.232064405754,4.07518887353257,-0.653585161879273
7.4351647874168,7.60930284154037,16.7626623596393,4.07518887353257,-0.14586938017796
7.39135767200974,7.42640323893322,22.9495436350235,4.07518887353257,-0.65137876830076
7.54398323753312,8.42093517319994,22.9878802950843,4.07518887353257,0.476101396160091
6.68194376492511,6.80058423345435,16.0732654053937,4.07518887353257,0.171520661530345
7.21152326276683,7.45381045678555,16.5018684608646,4.07518887353257,-0.407379409838854
7.61301300660585,7.39532865440412,16.0431278105723,4.07518887353257,-0.316124747994899
6.91693679096433,6.83688995234346,15.6108358826742,4.07518887353257,0.911050098508864
6.85839349946131,6.93596700456866,15.2264877055568,4.07518887353257,0.965884436469652
7.28909505298645,7.57892907543606,19.8365495493939,4.07518887353257,-0.511646313885123
7.91941858867162,7.8866907493967,16.9168577402584,4.07518887353257,-1.06221131195116
8.17144749170587,9.17866070837451,25.6130450726866,4.07518887353257,-0.292957143099707
6.72472616205568,7.44998766329396,16.5117549300973,4.07518887353257,-0.0731881377916442
7.58932320086126,6.96810517900314,14.3512750499034,4.07518887353257,0.588200081723372
7.01452917537742,6.87282419802812,17.5408903549161,4.07518887353257,-1.01076544063169
7.48823912438759,7.44791648301063,18.8129713350543,4.07518887353257,-0.18649113653705
7.91125127628561,8.88677000156416,20.9376114952541,4.07518887353257,0.0468883014328457
6.48502397306903,7.84249257655793,15.3669975349806,4.07518887353257,-0.311517695499627
7.09686199631287,7.60604335631788,12.2891348163141,4.07518887353257,0.350286046737127
6.88496123238045,7.81845321027112,14.0443464526391,4.07518887353257,0.382821677437534
7.0208167830837,8.67034798977931,14.1997993726078,4.07518887353257,0.773084078516548
7.15863730475576,7.69921772016867,14.7340420335045,4.07518887353257,0.334315980433447
7.64457161120304,8.50235506482692,17.4338892496332,4.07518887353257,-0.784182436341659
7.19076405316478,8.64719736297912,15.1489181332262,4.07518887353257,-0.0798527819148233
7.43195184417817,9.06191580529494,13.9920395349052,4.07518887353257,1.17582533025778
6.45086139840917,7.65617714417817,15.192798835209,4.07518887353257,2.85784188313845
7.02910161348815,7.43886214333246,16.1611816982056,4.07518887353257,0.1178716749152
7.49274496807536,7.80796737774456,14.9156411525378,4.07518887353257,0.428865124053651
7.71038248725247,9.17570132327531,17.9232625860385,4.07518887353257,-0.696069741763231
7.51234699564537,8.62675927573827,16.6471480353598,4.07518887353257,-0.767215632674968
6.99379677063095,7.3887585542065,13.8386297347436,4.07518887353257,-0.717801382795379
7.45470583224528,7.76654758718537,14.8152417102115,4.07518887353257,0.142822658513036
6.97237352690314,7.12787619291328,14.2064183150182,4.07518887353257,-0.655545526558113
7.83287738628666,8.00379097685567,15.6263458570766,4.07518887353257,0.868454232810555
7.16160039214512,8.20375686557644,17.7976277196781,4.07518887353257,-0.291990751692478
6.5176395360508,8.33952852098644,13.6272891582023,4.07518887353257,-0.250008194355982
6.77381317639126,8.00875091191688,15.5961820676929,4.07518887353257,-1.15249073782615
7.70851850397064,8.1817357286631,18.7331322742346,4.07518887353257,-0.458291714623248
6.25619287608121,7.51809582225561,20.6529144732999,4.07518887353257,-0.422564079349745
6.89779897960127,7.79213200885509,18.1651096197409,4.07518887353257,-1.07691411921372
6.41795920830495,7.37024148785633,15.8751893932058,4.07518887353257,0.710637774294
6.16431585117346,7.04110434429792,16.785312955533,4.07518887353257,1.44494985801428
6.77517122750482,6.96738363499071,17.0832996967351,4.07518887353257,-0.293389600746171
5.9919466390725,7.23867066847967,17.9333391964117,4.07518887353257,-0.7452536024194
7.42421221657186,7.8780657260178,19.7789064269812,4.07518887353257,0.0104232003271703
6.23224920585288,6.91719078242535,17.3938039461783,4.07518887353257,-1.07247516107057
6.82340621703097,8.1273197056093,20.8725488968682,4.07518887353257,-0.548262843407462
5.86771159492623,6.716685664633,16.6539984092303,4.07518887353257,0.45333063101231
7.8407618334456,8.34995647186425,26.7559209234479,4.07518887353257,1.6056841658516
6.9034353478352,7.69920362981023,20.4585092116433,4.07518887353257,1.60015666909603
6.36478211880443,7.41585930869534,21.2064995555611,4.07518887353257,-0.71194100916253
8.01673623383579,9.10962306154134,21.3493909172592,4.07518887353257,1.74300658630359
8.02733478957706,8.14731637798894,23.5981460525495,4.07518887353257,-3.02596969865254
8.74675092993444,9.38211724711158,29.945674182288,4.07518887353257,-0.420687433157375
8.48643994562154,8.65235884599369,19.7402277692188,4.07518887353257,1.49301527234399
7.20364670921335,7.61397309719996,20.5968427692552,4.07518887353257,-1.12950375768519
7.45553513342868,8.45954026679945,21.6081660356461,4.07518887353257,1.04243419109532
7.24088733177445,8.77062200755907,17.6768112384516,4.07518887353257,-2.35439745144488
8.73472792308808,9.47155315441743,26.2193980008829,4.07518887353257,2.61307828307632
7.59467155889052,8.43435103368169,18.4501696157993,4.07518887353257,0.393849195092779
7.46203856523839,9.47198289762747,18.4424741040143,4.07518887353257,-2.2949082523017
7.72039395115041,8.55926065852624,23.7445479570415,4.07518887353257,-1.21266486011754
8.33439596008167,8.96315002730068,20.5367915551437,4.07518887353257,-0.791525907686829
8.18537960368446,7.87968424744357,18.6519529678059,4.07518887353257,0.375416666414003
7.47758831786829,7.46451616263218,21.1511733268508,4.07518887353257,0.663578650078206
6.19772743430907,8.123607874555,16.8178022758088,4.07518887353257,3.12013774184215
6.61394022716912,8.33629457571885,18.6585589212569,4.07518887353257,0.0407056147118466
7.81746359296882,9.159303799024,17.8480309359436,4.07518887353257,1.09842084164269
8.23471064303733,8.77370238674929,18.6879441159907,4.07518887353257,-0.384874641191808
7.07721583579268,8.89341922015741,14.6694357392741,4.07518887353257,2.57452012247644
6.78716560590976,7.3764369779215,18.4117488695399,4.07518887353257,-0.748405033164206
6.92193302077666,8.16243007302125,15.4707154944648,4.07518887353257,1.07108389061428
7.87096069727485,9.34919490094367,16.5792600084983,4.07518887353257,1.33826515965083
7.60225288907768,8.25193576531355,16.3818552182177,4.07518887353257,2.74853399396219
7.70370530331852,8.91558707853194,25.7953531717741,4.07518887353257,2.48428968998413
6.33859481436419,8.93768274140198,16.4557832069663,4.07518887353257,-0.167077528496468
6.82453069733553,8.15012726908862,17.7434522743866,4.07518887353257,1.19701455468095
6.972674302828,8.56651461484898,19.1450242509779,4.07518887353257,-3.22428374839589
7.13314162931346,6.9188184921242,16.2488611255863,4.07518887353257,-1.20634811701124
7.84486121207485,9.08701208301077,21.4465569496146,4.07518887353257,-2.10164351737264
8.65659365794179,8.05159001871986,22.0281393559415,4.07518887353257,2.33327311754829
6.22750869409151,7.92080681234518,13.3077810475789,4.07518887353257,3.0722906313496
7.61414074219312,8.95655607790956,19.1918220131859,4.07518887353257,-2.46849725971714
8.92748690134769,8.61828966674608,21.3037798578452,4.07518887353257,0.117503669424836
6.80542649326922,7.75756922756364,13.0521601194936,4.07518887353257,2.95748183329635
7.2294516174334,8.27649232117103,15.648870664944,4.07518887353257,1.14453129961458
6.98610386067587,7.34618451862872,12.6243552107625,4.07518887353257,2.60336122700431
9.29072754344562,9.51841979625091,30.4456026395177,4.07518887353257,-1.53484840786938
9.38978299765159,9.30303326509143,16.6087418713796,4.07518887353257,0.0771382325253881
8.8331506855603,9.00189606094029,19.9851274706959,4.07518887353257,-1.68087860469461
9.00876102457276,9.60277687283194,24.1196386033787,4.07518887353257,1.1009021399905
7.17997521518877,7.87201584971333,15.044913231911,4.07518887353257,1.54635720944428
7.73035467738576,8.56491196804193,15.845870175113,4.07518887353257,-0.153115310250567
7.41763421470914,8.9862174847478,19.0515767309452,4.07518887353257,-0.227051863970277
7.8477501224262,8.13383266146784,14.1665375171971,4.07518887353257,1.40760166834
7.10528233702427,9.02570352748719,16.8081497953102,4.07518887353257,0.357178341139978
8.02950347578394,9.47203197034715,14.3312171305621,4.07518887353257,-1.98741198142931
9.06664738586694,9.71775827960913,19.9770919808477,4.07518887353257,2.27940767895993
8.89273483690579,9.98595470722061,18.3657891410227,4.07518887353257,1.48997977517652
7.55826047486496,8.36077379470828,16.6876127307435,4.07518887353257,1.98649429618681
7.02736209182069,9.09531284765123,15.1506830373732,4.07518887353257,2.64991308594106
9.0500011460187,9.97481145838226,25.106911867743,4.07518887353257,3.86833288751679
6.45198139431281,7.86869360372947,19.289598954479,4.07518887353257,0.048809696757257
7.63362680303389,7.68622045236203,16.5711164349149,4.07518887353257,-3.48140788227042
7.94586582746993,9.37007754159943,16.8416175647392,4.07518887353257,4.46832133626039
7.74866756526725,8.45801093529301,14.8170252997182,4.07518887353257,0.184331643208804
8.73042326751188,9.23998775894091,19.6942077712605,4.07518887353257,-3.69930099200535
8.12784407320555,8.14778788430272,13.2586068908068,4.07518887353257,-2.61786176918843
8.74540751578689,9.01067581727457,19.0231044854865,4.07518887353257,5.06037042048377
7.11402752542473,8.62170432894527,13.5665596413253,4.07518887353257,0.441638421536666
9.28406905770469,9.42388046780721,20.8886951147182,4.07518887353257,0.336908441910016
8.27309517369919,7.86829239863705,14.8814792875371,4.07518887353257,2.19738945744989
7.60285752653564,8.76888367419595,15.3881129283218,4.07518887353257,-1.47911951224486
8.34799412070617,8.63219408040456,15.1657830112445,4.07518887353257,-2.78685491291393
8.57101533013341,9.12288082861557,15.172611356834,4.07518887353257,-3.29589412216059
7.01682105760732,8.84659364405218,13.9015651632995,4.07518887353257,0.741490733343351
7.60822786566428,7.77792524658771,14.1913081330343,4.07518887353257,-2.74561775403319
7.03909886464621,6.88039653985408,12.0372744814945,4.07518887353257,-0.889311828998162
7.81379909326319,7.83910762534988,15.4679416066583,4.07518887353257,0.759537685026693
7.90259118722925,8.54618048674919,13.9157796788608,4.07518887353257,2.73758574029755
7.21997951821794,8.28301932424231,13.0411138250296,4.07518887353257,3.56127004722172
8.00251763383486,7.88735445858205,14.5629645831228,4.07518887353257,-2.49370341655402
8.78609473177215,8.60471763931447,19.5021724278276,4.07518887353257,4.02112513875988
7.96965653052658,9.47174853899977,17.786058371837,4.07518887353257,-1.24393735559516
8.14285209107992,8.20821597118316,16.2455783438494,4.07518887353257,0.164981345416386
8.43458079150958,8.94302474316126,16.415284615925,4.07518887353257,-1.47444722325597
7.94009959483515,8.85678188671964,20.8831155187164,4.07518887353257,-3.48932437885119
7.36926266799782,7.85380724007346,13.8602505089749,4.07518887353257,3.08513154300713
7.23893068556805,6.80504512710049,18.1857085470098,4.07518887353257,-0.17606465843542
8.24065339125893,8.40559842480942,16.6439970761086,4.07518887353257,1.32558374920443
7.0779667536964,9.06987988941681,16.0645664616934,4.07518887353257,-0.712465185174891
8.04968095043869,8.82966894730378,19.5256165132926,4.07518887353257,-0.616982642481991
8.2770401464035,8.62323224972883,11.4518671480708,4.07518887353257,-2.16374648916396
8.53599127523413,8.88896813879698,18.132593722788,4.07518887353257,-0.137417881667028
6.5212872831543,7.7865825771854,15.784996043373,4.07518887353257,0.972068113063105
6.69091169151901,7.49744931552496,12.2551354390298,4.07518887353257,0.140144861766584
7.90040172129308,8.0607294684459,11.9054693329662,4.07518887353257,-0.339940299423704
8.01455845866433,7.87626081154892,12.6514506834704,4.07518887353257,-1.82879575813196
8.30363849126146,8.47164985869078,16.7560399762895,4.07518887353257,-1.55321639718452
8.29733771220897,9.41738023285199,20.720868600525,4.07518887353257,-1.44481208519833
8.34411269499828,8.34806826851491,13.861778958595,4.07518887353257,1.76664360695152
6.5436840806739,7.44187463063401,15.7704658488499,4.07518887353257,1.9589711893099
6.45777568720949,7.31651201373717,14.3544703460405,4.07518887353257,-4.25725372097063
8.75660292882075,8.47710557758275,17.0566147383007,4.07518887353257,-0.923701758604365
8.22932027426069,8.76933165628262,16.3239908770735,4.07518887353257,-1.80934386025332
7.09241909222709,8.62617699559914,9.72107589809631,4.07518887353257,0.302763821037065
7.86239250299633,8.73043647541487,14.1731169347246,4.07518887353257,-2.72570843926335
8.81599585029291,8.86777896898599,16.2701324371976,4.07518887353257,-0.435968207067549
8.5781992996031,8.46788941896836,14.5131929333179,4.07518887353257,0.776423179556221
7.62891046297055,7.50620614376229,13.5415744965104,4.07518887353257,1.147413664702
7.03641090477444,7.83273930484035,14.7994340024639,4.07518887353257,-2.84551939281236
8.94195154836799,9.28220785795011,20.0448121262925,4.07518887353257,0.645297765339743
7.11708457872683,8.32480106641718,9.78001360533396,4.07518887353257,0.23391804307839
6.91244680029514,7.04458566504592,11.4713650565554,4.07518887353257,1.2053353047001
6.37316981565885,7.58480962517266,12.1626198413837,4.07518887353257,-0.260785131758471
7.52009850213044,7.40637549495808,13.642178239532,4.07518887353257,1.94795050196246
7.04573549061465,7.50524028888684,11.8624853222377,4.07518887353257,0.0678792354703527
7.26680412593165,7.83595547781833,12.2385446360032,4.07518887353257,-0.280007669741548
8.25488249508396,9.09201062949901,14.5046015110256,4.07518887353257,-1.74734824498794
7.75034895742018,8.2106168874343,14.951589108624,4.07518887353257,4.09637252559805
7.52703266575117,7.85479795936862,10.0681356717873,4.07518887353257,0.572565159973102
8.09935032638408,8.18668991029693,12.126147194471,4.07518887353257,-0.0211863888859345
7.8498873331619,8.48763041899472,12.0222384311163,4.07518887353257,1.43539968210853
7.25934094007965,8.01345332781787,11.3594825813076,4.07518887353257,-2.06538670636259
8.40903216683382,8.84465513236784,16.3354081201196,4.07518887353257,-0.504103385241852
8.2073684294872,8.74754650099834,12.7103670471297,4.07518887353257,-2.16781008977218
6.86167466884555,8.29622128761941,12.3633018170172,4.07518887353257,-0.837486973994516
8.57695124565053,8.23432860441213,15.9468666723245,4.07518887353257,1.7051522943038
6.6350044076751,8.10656542178834,8.02625538294393,4.07518887353257,0.554265817871158
6.11893246032923,7.29258350592589,8.5173155059246,4.07518887353257,1.80356308125358
6.21365979681685,7.64890666392057,10.2507239932277,4.07518887353257,1.16980973191647
7.45018502628486,8.25971556948996,11.5501231955082,4.07518887353257,1.65550160194407
7.38931801280887,8.03699085830581,10.038059970429,4.07518887353257,-0.156742736653537
7.76878544338344,7.96935598073005,12.2284967502986,4.07518887353257,-1.97023532282032
8.76727687606143,9.29004970464398,18.7803931330269,4.07518887353257,2.86284032389551
6.11900246029055,8.21280567616836,9.26614082834107,4.07518887353257,1.73366604626335
6.59161913472092,8.73094169844101,11.4403449568705,4.07518887353257,0.053098083186993
7.23636054702235,8.64383098643532,8.83473880063399,4.07518887353257,-2.29898698452198
7.41590894022048,7.99346010121785,13.5934891137609,4.07518887353257,3.0952782324504
8.48959875771325,9.61233550566275,17.9023793067493,4.07518887353257,-0.770257798170935
7.13505530563126,9.26250548651881,10.9577014375357,4.07518887353257,0.397928189929085
6.76837764019699,7.8293953139339,11.3491563114843,4.07518887353257,0.510385125970651
7.91733536086059,8.1925907319936,9.01304875738889,4.07518887353257,-2.38641188190874
6.7335062808597,8.50149179879319,12.3030657902584,4.07518887353257,-2.09732761984416
8.40697285388266,9.93235976787291,15.412804204945,4.07518887353257,2.26298394428787
7.50031416819698,8.28509930335121,10.6104430720287,4.07518887353257,1.87858915122875
7.4825086619345,7.46455371487605,10.2719381048163,4.07518887353257,-3.16826056615524
6.28733515712087,7.51316185019555,8.44454236503528,4.07518887353257,1.02248287459547
6.89267493405078,7.89509715874835,9.12191852185209,4.07518887353257,3.3892434637411
6.87217776763192,8.10439216729366,13.8227240737613,4.07518887353257,1.9781154814539
7.09097319367546,8.23974780123926,10.2099969406036,4.07518887353257,-0.751571467614102
7.43644334556902,8.22202255165876,9.33792488714462,4.07518887353257,2.36855192368553
6.19443571065131,7.9533561791775,10.6364952491745,4.07518887353257,-7.48697621219628
9.15905843699643,9.87969733420048,18.978090615202,4.07518887353257,-1.81846223836719
6.64105819582374,8.22277004649388,9.88778105962561,4.07518887353257,-1.45466945390711
7.88205864202984,8.90206608079876,11.8875317790731,4.07518887353257,1.44939622530251
6.70636880701357,8.55328847450405,10.9859090106101,4.07518887353257,0.190014778927246
7.0259428180913,8.65101648990128,10.2175651874977,4.07518887353257,-0.00137023138069528
6.62733710348963,7.91680990641177,10.025200380663,4.07518887353257,-1.48345299456006
7.64802148898234,8.01560557061812,10.5003247658247,4.07518887353257,-0.971271249756919
6.92007200470787,8.88112905866769,8.84340381446248,4.07518887353257,0.727492394986078
7.07048228536977,7.58396457223788,10.5414740736615,4.07518887353257,-4.57784403809291
8.75883225857637,9.15242660097454,14.7302389534291,4.07518887353257,-0.0984201242554081
8.06452398177468,8.64802366023042,11.126724800294,4.07518887353257,0.395618631611286
6.62631106015948,7.48738248084639,10.44932512875,4.07518887353257,2.01165710795126
6.10543780146695,7.15193380700794,9.84260532322351,4.07518887353257,0.452826006585468
7.19441204004511,7.74719454242919,10.3928187892847,4.07518887353257,-1.21862440084228
8.36206327577946,8.44548088728358,10.7897281633122,4.07518887353257,0.63733619763695
7.13036410709443,7.66312171150582,9.04826552376848,4.07518887353257,-1.09145051783462
8.16050472960517,8.55682912564026,11.6079978363915,4.07518887353257,0.788307795788642
7.78644194092583,7.54060341482175,9.89634282829015,4.07518887353257,3.37026399975471
6.84642567136626,7.77813635072363,11.6906234223631,4.07518887353257,0.894649905422724
6.72987733233167,7.6350613063717,12.3645128946791,4.07518887353257,0.109701847339413
7.76172860370338,7.96276138185561,10.9073948855371,4.07518887353257,-1.476189056964
7.58522497462335,7.55576942209487,9.43497524461178,4.07518887353257,2.48970263121357
5.89012504386799,8.28781729705176,9.19544816051679,4.07518887353257,-0.267521225541124
7.21620581012189,8.3332693973177,8.39891880243755,4.07518887353257,-2.54416233197712
8.71209012603414,8.95072122845592,13.4666312514909,4.07518887353257,0.103095136995987
6.99073074923899,8.07100499035065,10.047170496408,4.07518887353257,1.59031773371935
6.05243075733047,7.07148483631873,9.49352256808441,4.07518887353257,-2.78487918504603
7.694972401324,8.21234193101177,11.2400263313754,4.07518887353257,-1.75579031535511
7.46486969122452,8.2083928544013,10.2877133235598,4.07518887353257,-0.500590658388971
8.28005860908791,8.49195024481274,12.5999333920996,4.07518887353257,-0.714422218557167
7.2674765510935,8.39240076941126,8.01235265232202,4.07518887353257,1.27107021689528
6.85159684686171,7.57161483616646,7.94595339747426,4.07518887353257,1.00453187429943
6.96808056720695,8.25735209973433,10.1073980371515,4.07518887353257,-2.86268986257566
6.1008594841903,7.39272787413908,10.0975791667646,4.07518887353257,-1.59111647620671
7.5318585065741,7.92877366122934,12.0368871612841,4.07518887353257,-2.15808552850661
8.0871480855434,9.75755248196089,12.61100230346,4.07518887353257,-3.5593014696961
7.32465945468749,9.43573608065086,12.4573711268684,4.07518887353257,1.79471598373523
6.92892582858155,9.21155982287001,8.67416822749697,4.07518887353257,-2.11600607163373
7.21903202979009,9.01055498958628,9.95630637474211,4.07518887353257,1.82970662941626
6.94165502183837,8.50201649614076,9.62614298721195,4.07518887353257,0.91401782098663
6.89965836605901,8.91204631755542,8.54937115783497,4.07518887353257,0.615854559787161
7.78620543921021,9.416596841869,11.7794532883366,4.07518887353257,-0.708509067524321
7.74387603099968,8.78762500421967,9.38776489054458,4.07518887353257,-0.770398280026273
8.14252690695007,8.93274376716736,12.2614891366908,4.07518887353257,1.93420655443892
5.95344254819617,8.28960344458966,11.6264821681837,4.07518887353257,0.677437295458776
6.72464104680032,8.51930497303105,12.4102006370134,4.07518887353257,-0.0495012561876667
7.68217887141894,8.28635514702909,8.69383380214429,4.07518887353257,-0.943705055497672
7.67530927442569,8.4453657414095,10.0061184442179,4.07518887353257,0.12995747977034
7.31159184128605,8.77296637303056,10.0962561836165,4.07518887353257,0.859898423201239
6.9619130652511,7.65323535525372,11.2690091453882,4.07518887353257,-0.890391395284369
7.56224172968248,8.03111587425327,8.81985159902949,4.07518887353257,-2.04186512598308
6.90156769170082,8.81093197452285,9.79319519908684,4.07518887353257,1.22178617644572
6.88196605404046,8.41731741805543,9.08912590181079,4.07518887353257,-0.51974256449671
6.7051880638977,8.54630285581355,11.1343646784626,4.07518887353257,1.38047396272719
9.10164246504864,9.39454293428163,13.4776066277408,4.07518887353257,-2.32002059854888
8.35381342355218,9.01744224449939,11.373667127324,4.07518887353257,-0.422384319730084
7.60182005927645,9.13776682889391,11.2822420158362,4.07518887353257,-2.69415867024941
8.58725611005383,9.08615625995011,11.3802571689417,4.07518887353257,0.488896695834087
8.29074584641321,8.28410581485637,13.587215639975,4.07518887353257,-1.4235099234952
7.20304097301361,8.85507878145863,10.3928225553686,4.07518887353257,-1.28971166891459
8.41993411457351,9.45662815092135,11.8392008791793,4.07518887353257,-0.297111451360371
7.77426363705823,7.86074568682337,10.9151722066369,4.07518887353257,0.493171741338129
7.4421236402564,8.11587605234852,10.742634360576,4.07518887353257,-1.8671638157514
8.46784765142043,9.31029959417157,11.2670234849712,4.07518887353257,-0.911643519437513
7.6151370333185,8.89206422236369,9.27479742613338,4.07518887353257,-1.68331129649144
6.55082912348083,7.78216038081489,10.4154821480021,4.07518887353257,0.367118307620351
7.53645927143745,9.0274695973049,10.6084547283424,4.07518887353257,1.01434495056518
6.44200147127104,6.91258002596856,9.3874999418556,4.07518887353257,0.89330893787179
7.02587121360751,7.94403052733142,11.193482676558,4.07518887353257,-2.03170056855549
8.82110861879503,9.6006873564231,14.592221847432,4.07518887353257,0.227851944293358
7.50939574094318,7.9433590173112,15.0203590154619,4.07518887353257,-0.0311742848825482
7.15495065354362,6.81942367145269,12.6369449439817,4.07518887353257,0.0234498109120413
6.73524797524928,6.84473280764522,8.25094867268117,4.07518887353257,0.784950705645776
6.79233346904379,7.1962532162655,11.5423406087211,4.07518887353257,-0.113892058974378
6.77897540568218,6.91177285171168,12.7236340801149,4.07518887353257,1.88631092633942
6.60240653247326,7.83154600705637,11.1290992427339,4.07518887353257,-0.639522958937087
7.62658191976147,7.99708842199976,11.4736183732279,4.07518887353257,-2.76063152354783
7.41801527919889,8.46438273036554,13.1043322641958,4.07518887353257,-0.65319000032674
8.39349925251234,8.55275470268322,18.1442782989493,4.07518887353257,-0.314283295486987
6.07702985976022,7.23998468440451,12.1723959921639,4.07518887353257,0.370431777071769
7.38653515819457,8.45213594737299,16.5474686659253,4.07518887353257,-0.0931896274726004
6.88415689249633,7.4019599290482,12.738988003381,4.07518887353257,-1.21592342028644
7.19845368702161,7.60732872696162,15.9129664211356,4.07518887353257,-1.80554349537797
7.68868743218986,8.30778899317577,14.0301529850267,4.07518887353257,0.225015215452257
6.93691463135836,8.04961750972354,18.8273706333715,4.07518887353257,1.27944640115987
6.12138079600899,6.34845075793187,13.370116890259,4.07518887353257,0.497786073399685
6.86609878832439,8.45535867278091,14.5084821953716,4.07518887353257,-2.45544114879805
7.76888485942124,9.03036633614296,19.780332983503,4.07518887353257,-2.58190784824511
7.53967889164154,7.57650069673291,14.5167459915088,4.07518887353257,0.702891468402274
7.53200259822465,7.98191203245706,17.0868452345773,4.07518887353257,-1.3148506849613
